location,iso_code,date,total_vaccinations,people_vaccinated,people_fully_vaccinated,total_boosters,daily_vaccinations_raw,daily_vaccinations,total_vaccinations_per_hundred,people_vaccinated_per_hundred,people_fully_vaccinated_per_hundred,total_boosters_per_hundred,daily_vaccinations_per_million,daily_people_vaccinated,daily_people_vaccinated_per_hundred
Brazil,BRA,2021-01-17,112,112,,,,,0.0,0.0,,,,,
Brazil,BRA,2021-01-18,1109,1109,,,997,997,0.0,0.0,,,5,997,0.0
Brazil,BRA,2021-01-19,13527,13527,,,12418,6708,0.01,0.01,,,31,6708,0.003
Brazil,BRA,2021-01-20,105824,105824,,,92297,35237,0.05,0.05,,,164,35237,0.016
Brazil,BRA,2021-01-21,193699,193699,,,87875,48397,0.09,0.09,,,225,48397,0.022
Brazil,BRA,2021-01-22,462269,462269,,,268570,92431,0.21,0.21,,,429,92431,0.043
Brazil,BRA,2021-01-23,573268,573268,,,110999,95526,0.27,0.27,,,444,95526,0.044
Brazil,BRA,2021-01-24,613954,613954,,,40686,87692,0.29,0.29,,,407,87692,0.041
Brazil,BRA,2021-01-25,801759,801759,,,187805,114379,0.37,0.37,,,531,114379,0.053
Brazil,BRA,2021-01-26,1045746,1045746,,,243987,147460,0.49,0.49,,,685,147460,0.068
Brazil,BRA,2021-01-27,1327546,1327546,,,281800,174532,0.62,0.62,,,811,174532,0.081
Brazil,BRA,2021-01-28,1563098,1563098,,,235552,195628,0.73,0.73,,,909,195628,0.091
Brazil,BRA,2021-01-29,1923813,1923813,,,360715,208792,0.89,0.89,,,970,208792,0.097
Brazil,BRA,2021-01-30,2046523,2046523,,,122710,210465,0.95,0.95,,,977,210465,0.098
Brazil,BRA,2021-01-31,2084119,2084119,,,37596,210024,0.97,0.97,,,975,210024,0.098
Brazil,BRA,2021-02-01,2292551,2292551,,,208432,212970,1.06,1.06,,,989,212970,0.099
Brazil,BRA,2021-02-02,2521704,2521704,,,229153,210851,1.17,1.17,,,979,210851,0.098
Brazil,BRA,2021-02-03,2802134,2802134,,,280430,210655,1.3,1.3,,,978,210655,0.098
Brazil,BRA,2021-02-04,3074906,3074906,,,272772,215973,1.43,1.43,,,1003,215973,0.1
Brazil,BRA,2021-02-05,3401383,3399421,1962,,326477,211081,1.58,1.58,0.0,,980,210801,0.098
Brazil,BRA,2021-02-06,3553681,3534004,19677,,152298,215308,1.65,1.64,0.01,,1000,212497,0.099
Brazil,BRA,2021-02-07,3605538,3579850,25688,,51857,217346,1.67,1.66,0.01,,1009,213676,0.099
Brazil,BRA,2021-02-08,3820207,3786591,33616,,214669,218237,1.77,1.76,0.02,,1014,213434,0.099
Brazil,BRA,2021-02-09,4120332,4069677,50655,,300125,228375,1.91,1.89,0.02,,1061,221139,0.103
Brazil,BRA,2021-02-10,4406835,4326075,80760,,286503,229243,2.05,2.01,0.04,,1065,217706,0.101
Brazil,BRA,2021-02-11,4696136,4586270,109866,,289301,231604,2.18,2.13,0.05,,1076,215909,0.1
Brazil,BRA,2021-02-12,5125206,4946738,178468,,429070,246260,2.38,2.3,0.08,,1144,221045,0.103
Brazil,BRA,2021-02-13,5236943,5042713,194230,,111737,240466,2.43,2.34,0.09,,1117,215530,0.1
Brazil,BRA,2021-02-14,5293979,5076110,217869,,57036,241206,2.46,2.36,0.1,,1120,213751,0.099
Brazil,BRA,2021-02-15,5609937,5324317,285620,,315958,255676,2.61,2.47,0.13,,1187,219675,0.102
Brazil,BRA,2021-02-16,5883539,5326007,557532,,273602,251887,2.73,2.47,0.26,,1170,179476,0.083
Brazil,BRA,2021-02-17,6206680,5482925,723755,,323141,257121,2.88,2.55,0.34,,1194,165264,0.077
Brazil,BRA,2021-02-18,6535156,5640483,894673,,328476,262717,3.04,2.62,0.42,,1220,150602,0.07
Brazil,BRA,2021-02-19,6813168,5756361,1056807,,278012,241137,3.16,2.67,0.49,,1120,115660,0.054
Brazil,BRA,2021-02-20,6950802,5817908,1132894,,137634,244837,3.23,2.7,0.53,,1137,110742,0.051
Brazil,BRA,2021-02-21,7028356,5857080,1171276,,77554,247768,3.26,2.72,0.54,,1151,111567,0.052
Brazil,BRA,2021-02-22,7297061,6002873,1294188,,268705,241018,3.39,2.79,0.6,,1119,96937,0.045
Brazil,BRA,2021-02-23,7551676,6116082,1435594,,254615,238305,3.51,2.84,0.67,,1107,112868,0.052
Brazil,BRA,2021-02-24,7799000,6202055,1596945,,247324,227474,3.62,2.88,0.74,,1056,102733,0.048
Brazil,BRA,2021-02-25,8101787,6346769,1755018,,302787,223804,3.76,2.95,0.82,,1039,100898,0.047
Brazil,BRA,2021-02-26,8322042,6437836,1884206,,220255,215553,3.87,2.99,0.88,,1001,97354,0.045
Brazil,BRA,2021-02-27,8433568,6518628,1914940,,111526,211824,3.92,3.03,0.89,,984,100103,0.046
Brazil,BRA,2021-02-28,8465403,6542206,1923197,,31835,205292,3.93,3.04,0.89,,953,97875,0.045
Brazil,BRA,2021-03-01,8841027,6806293,2034734,,375624,220567,4.11,3.16,0.95,,1024,114774,0.053
Brazil,BRA,2021-03-02,9277322,7114219,2163103,,436295,246521,4.31,3.3,1.0,,1145,142591,0.066
Brazil,BRA,2021-03-03,9739676,7417852,2321824,,462354,277239,4.52,3.45,1.08,,1288,173685,0.081
Brazil,BRA,2021-03-04,10169160,7701146,2468014,,429484,295339,4.72,3.58,1.15,,1372,193482,0.09
Brazil,BRA,2021-03-05,10576542,7958939,2617603,,407382,322071,4.91,3.7,1.22,,1496,217300,0.101
Brazil,BRA,2021-03-06,10830688,8142004,2688684,,254146,342446,5.03,3.78,1.25,,1590,231911,0.108
Brazil,BRA,2021-03-07,10948409,8227671,2720738,,117721,354715,5.08,3.82,1.26,,1647,240781,0.112
Brazil,BRA,2021-03-08,11357494,8504966,2852528,,409085,359495,5.27,3.95,1.32,,1670,242668,0.113
Brazil,BRA,2021-03-09,11756131,8764547,2991584,,398637,354116,5.46,4.07,1.39,,1645,235761,0.109
Brazil,BRA,2021-03-10,12181103,9013293,3167810,,424972,348775,5.66,4.19,1.47,,1620,227920,0.106
Brazil,BRA,2021-03-11,12613179,9298511,3314668,,432076,349146,5.86,4.32,1.54,,1622,228195,0.106
Brazil,BRA,2021-03-12,13017720,9547655,3470065,,404541,348740,6.05,4.43,1.61,,1620,226959,0.105
Brazil,BRA,2021-03-13,13223729,9669967,3553762,,206009,341863,6.14,4.49,1.65,,1588,218280,0.101
Brazil,BRA,2021-03-14,13286664,9718209,3568455,,62935,334036,6.17,4.51,1.66,,1551,212934,0.099
Brazil,BRA,2021-03-15,13763573,10087787,3675786,,476909,343726,6.39,4.69,1.71,,1596,226117,0.105
Brazil,BRA,2021-03-16,14198794,10402388,3796406,,435221,348952,6.59,4.83,1.76,,1621,233977,0.109
Brazil,BRA,2021-03-17,14648691,10725474,3923217,,449897,352513,6.8,4.98,1.82,,1637,244597,0.114
Brazil,BRA,2021-03-18,15087602,11055747,4031855,,438911,353489,7.01,5.13,1.87,,1642,251034,0.117
Brazil,BRA,2021-03-19,15623349,11509501,4113848,,535747,372233,7.26,5.35,1.91,,1729,280264,0.13
Brazil,BRA,2021-03-20,15883688,11739832,4143856,,260339,379994,7.38,5.45,1.92,,1765,295695,0.137
Brazil,BRA,2021-03-21,15980363,11818482,4161881,,96675,384814,7.42,5.49,1.93,,1787,300039,0.139
Brazil,BRA,2021-03-22,16567102,12314847,4252255,,586739,400504,7.69,5.72,1.97,,1860,318151,0.148
Brazil,BRA,2021-03-23,17157631,12817812,4339819,,590529,422691,7.97,5.95,2.02,,1963,345061,0.16
Brazil,BRA,2021-03-24,17886781,13436373,4450408,,729150,462584,8.31,6.24,2.07,,2148,387271,0.18
Brazil,BRA,2021-03-25,18655345,14102934,4552411,,768564,509678,8.66,6.55,2.11,,2367,435312,0.202
Brazil,BRA,2021-03-26,19577786,14928869,4648917,,922441,564920,9.09,6.93,2.16,,2624,488481,0.227
Brazil,BRA,2021-03-27,19962072,15282128,4679944,,384286,582626,9.27,7.1,2.17,,2706,506042,0.235
Brazil,BRA,2021-03-28,20216938,15513974,4702964,,254866,605225,9.39,7.21,2.18,,2811,527927,0.245
Brazil,BRA,2021-03-29,21160763,16335279,4825484,,943825,656237,9.83,7.59,2.24,,3048,574347,0.267
Brazil,BRA,2021-03-30,21950245,16995184,4955061,,789482,684659,10.19,7.89,2.3,,3180,596767,0.277
Brazil,BRA,2021-03-31,22839287,17745732,5093555,,889042,707501,10.61,8.24,2.37,,3286,615623,0.286
Brazil,BRA,2021-04-01,23880805,18639028,5241777,,1041518,746494,11.09,8.66,2.43,,3467,648013,0.301
Brazil,BRA,2021-04-02,24181208,18900837,5280371,,300403,657632,11.23,8.78,2.45,,3054,567424,0.264
Brazil,BRA,2021-04-03,24575470,19222342,5353128,,394262,659057,11.41,8.93,2.49,,3061,562888,0.261
Brazil,BRA,2021-04-04,24910668,19510333,5400335,,335198,670533,11.57,9.06,2.51,,3114,570908,0.265
Brazil,BRA,2021-04-05,25658532,20056296,5602236,,747864,642538,11.92,9.31,2.6,,2984,531574,0.247
Brazil,BRA,2021-04-06,26736003,20850120,5885883,,1077471,683680,12.42,9.68,2.73,,3175,550705,0.256
Brazil,BRA,2021-04-07,27644079,21538484,6105595,,908076,686399,12.84,10.0,2.84,,3188,541822,0.252
Brazil,BRA,2021-04-08,28653848,22246612,6407236,,1009769,681863,13.31,10.33,2.98,,3167,515369,0.239
Brazil,BRA,2021-04-09,29544578,22693305,6851273,,890730,766196,13.72,10.54,3.18,,3559,541781,0.252
Brazil,BRA,2021-04-10,30084664,23097172,6987492,,540086,787028,13.97,10.73,3.25,,3655,553547,0.257
Brazil,BRA,2021-04-11,30356896,23300896,7056000,,272232,778033,14.1,10.82,3.28,,3613,541509,0.251
Brazil,BRA,2021-04-12,31316420,23910515,7405905,,959524,808270,14.54,11.1,3.44,,3754,550603,0.256
Brazil,BRA,2021-04-13,32217205,24473138,7744067,,900785,783029,14.96,11.37,3.6,,3637,517574,0.24
Brazil,BRA,2021-04-14,33148388,24996380,8152008,,931183,786330,15.4,11.61,3.79,,3652,493985,0.229
Brazil,BRA,2021-04-15,34050325,25478194,8572131,,901937,770925,15.81,11.83,3.98,,3580,461655,0.214
Brazil,BRA,2021-04-16,34993448,25810304,9183144,,943123,778410,16.25,11.99,4.27,,3615,445286,0.207
Brazil,BRA,2021-04-17,35603882,26085155,9518727,,610434,788460,16.54,12.11,4.42,,3662,426855,0.198
Brazil,BRA,2021-04-18,35817144,26210282,9606862,,213262,780035,16.63,12.17,4.46,,3623,415627,0.193
Brazil,BRA,2021-04-19,36910479,26707227,10203252,,1093335,799151,17.14,12.4,4.74,,3712,399530,0.186
Brazil,BRA,2021-04-20,37909705,27184073,10725632,,999226,813214,17.61,12.63,4.98,,3777,387276,0.18
Brazil,BRA,2021-04-21,38467754,27518053,10949701,,558049,759909,17.87,12.78,5.09,,3529,360239,0.167
Brazil,BRA,2021-04-22,39291064,27887014,11404050,,823310,748677,18.25,12.95,5.3,,3477,344117,0.16
Brazil,BRA,2021-04-23,41073104,28783905,12289199,,1782040,868522,19.08,13.37,5.71,,4034,424800,0.197
Brazil,BRA,2021-04-24,41494939,28981002,12513937,,421835,841580,19.27,13.46,5.81,,3909,413692,0.192
Brazil,BRA,2021-04-25,41626753,29041497,12585256,,131814,829944,19.33,13.49,5.85,,3855,404459,0.188
Brazil,BRA,2021-04-26,42787199,29601947,13185252,,1160446,839531,19.87,13.75,6.12,,3899,413531,0.192
Brazil,BRA,2021-04-27,44287510,30275923,14011587,,1500311,911115,20.57,14.06,6.51,,4232,441693,0.205
Brazil,BRA,2021-04-28,45379804,30748674,14631130,,1092294,987436,21.08,14.28,6.8,,4586,461517,0.214
Brazil,BRA,2021-04-29,46426188,31243694,15182494,,1046384,1019303,21.56,14.51,7.05,,4734,479526,0.223
Brazil,BRA,2021-04-30,47399150,31696792,15702358,,972962,903721,22.01,14.72,7.29,,4197,416127,0.193
Brazil,BRA,2021-05-01,47663526,31830880,15832646,,264376,881227,22.14,14.78,7.35,,4093,407125,0.189
Brazil,BRA,2021-05-02,47755613,31884404,15871209,,92087,875551,22.18,14.81,7.37,,4066,406130,0.189
Brazil,BRA,2021-05-03,48643324,32345310,16298014,,887711,836589,22.59,15.02,7.57,,3885,391909,0.182
Brazil,BRA,2021-05-04,49626137,32896171,16729966,,982813,762661,23.05,15.28,7.77,,3542,374321,0.174
Brazil,BRA,2021-05-05,50576224,33490395,17085829,,950087,742346,23.49,15.55,7.94,,3448,391674,0.182
Brazil,BRA,2021-05-06,51624587,34271192,17353395,,1048363,742628,23.98,15.92,8.06,,3449,432500,0.201
Brazil,BRA,2021-05-07,52647815,35008550,17639265,,1023228,749809,24.45,16.26,8.19,,3482,473108,0.22
Brazil,BRA,2021-05-08,52972460,35253389,17719071,,324645,758419,24.6,16.37,8.23,,3522,488930,0.227
Brazil,BRA,2021-05-09,53064124,35318058,17746066,,91664,758359,24.65,16.4,8.24,,3522,490522,0.228
Brazil,BRA,2021-05-10,54008862,35926219,18082643,,944738,766505,25.08,16.69,8.4,,3560,511558,0.238
Brazil,BRA,2021-05-11,54912939,36523507,18389432,,904077,755257,25.5,16.96,8.54,,3508,518191,0.241
Brazil,BRA,2021-05-12,55907165,37233983,18673182,,994226,761563,25.97,17.29,8.67,,3537,534798,0.248
Brazil,BRA,2021-05-13,56583962,37768491,18815471,,676797,708482,26.28,17.54,8.74,,3290,499614,0.232
Brazil,BRA,2021-05-14,57313642,38320507,18993135,,729680,666547,26.62,17.8,8.82,,3096,473137,0.22
Brazil,BRA,2021-05-15,57668646,38570631,19098015,,355004,670884,26.78,17.91,8.87,,3116,473892,0.22
Brazil,BRA,2021-05-16,57935280,38752714,19182566,,266634,695879,26.91,18.0,8.91,,3232,490665,0.228
Brazil,BRA,2021-05-17,58714631,39284275,19430356,,779351,672253,27.27,18.25,9.02,,3122,479722,0.223
Brazil,BRA,2021-05-18,59603625,39891922,19711703,,888994,670098,27.68,18.53,9.15,,3112,481202,0.223
Brazil,BRA,2021-05-19,60363334,40435632,19927702,,759709,636596,28.04,18.78,9.26,,2957,457378,0.212
Brazil,BRA,2021-05-20,61297420,41089722,20207698,,934086,673351,28.47,19.08,9.39,,3127,474462,0.22
Brazil,BRA,2021-05-21,62122684,41659039,20463645,,825264,687006,28.85,19.35,9.5,,3191,476933,0.222
Brazil,BRA,2021-05-22,62459684,41882011,20577673,,337000,684434,29.01,19.45,9.56,,3179,473054,0.22
Brazil,BRA,2021-05-23,63278821,42474538,20804283,,819137,763363,29.39,19.73,9.66,,3545,531689,0.247
Brazil,BRA,2021-05-24,64098809,43008064,21090745,,819988,769168,29.77,19.97,9.8,,3572,531970,0.247
Brazil,BRA,2021-05-25,64918585,43525933,21392652,,819776,759280,30.15,20.22,9.94,,3526,519144,0.241
Brazil,BRA,2021-05-26,65668438,44045168,21623270,,749853,757872,30.5,20.46,10.04,,3520,515648,0.239
Brazil,BRA,2021-05-27,66363506,44530761,21832745,,695068,723727,30.82,20.68,10.14,,3361,491577,0.228
Brazil,BRA,2021-05-28,67359292,45284397,22074895,,995786,748087,31.28,21.03,10.25,,3474,517908,0.241
Brazil,BRA,2021-05-29,67761958,45604680,22157278,,402666,757468,31.47,21.18,10.29,,3518,531810,0.247
Brazil,BRA,2021-05-30,67874735,45684962,22189773,,112777,656559,31.52,21.22,10.31,,3049,458632,0.213
Brazil,BRA,2021-05-31,68665647,46328168,22337479,,790912,652405,31.89,21.52,10.37,,3030,474301,0.22
Brazil,BRA,2021-06-01,69477898,46932629,22545269,,812251,651330,32.27,21.8,10.47,,3025,486671,0.226
Brazil,BRA,2021-06-02,70685368,47852026,22833342,,1207470,716704,32.83,22.22,10.6,,3329,543837,0.253
Brazil,BRA,2021-06-03,71245492,48321463,22924029,,560124,697427,33.09,22.44,10.65,,3239,541529,0.252
Brazil,BRA,2021-06-04,71961789,48963900,22997889,,716297,657500,33.42,22.74,10.68,,3054,525643,0.244
Brazil,BRA,2021-06-05,72586950,49491413,23095537,,625161,689285,33.71,22.99,10.73,,3201,555248,0.258
Brazil,BRA,2021-06-06,72811509,49685501,23126008,,224559,705253,33.82,23.08,10.74,,3275,571506,0.265
Brazil,BRA,2021-06-07,73614079,50381104,23232975,,802570,706919,34.19,23.4,10.79,,3283,578991,0.269
Brazil,BRA,2021-06-08,74920113,51502554,23417559,,1306034,777459,34.8,23.92,10.88,,3611,652846,0.303
Brazil,BRA,2021-06-09,76117123,52567517,23549606,,1197010,775965,35.35,24.41,10.94,,3604,673642,0.313
Brazil,BRA,2021-06-10,77243101,53577624,23665477,,1125978,856801,35.87,24.88,10.99,,3979,750880,0.349
Brazil,BRA,2021-06-11,78471914,54685737,23786177,,1228813,930018,36.45,25.4,11.05,,4319,817405,0.38
Brazil,BRA,2021-06-12,79118243,55292343,23825900,,646329,933042,36.75,25.68,11.07,,4333,828704,0.385
Brazil,BRA,2021-06-13,79466212,55617274,23848938,,347969,950672,36.91,25.83,11.08,,4415,847396,0.394
Brazil,BRA,2021-06-14,80577338,56657381,23919957,,1111126,994751,37.42,26.31,11.11,,4620,896611,0.416
Brazil,BRA,2021-06-15,81940689,57910386,24030303,,1363351,1002939,38.06,26.9,11.16,,4658,915405,0.425
Brazil,BRA,2021-06-16,83181485,59068483,24113002,,1240796,1009195,38.63,27.43,11.2,,4687,928709,0.431
Brazil,BRA,2021-06-17,85441106,61187304,24253802,,2259621,1171144,39.68,28.42,11.26,,5439,1087097,0.505
Brazil,BRA,2021-06-18,87160471,62785859,24374612,,1719365,1241222,40.48,29.16,11.32,,5765,1157160,0.537
Brazil,BRA,2021-06-19,88108418,63659153,24449265,,947947,1284311,40.92,29.57,11.36,,5965,1195259,0.555
Brazil,BRA,2021-06-20,88570223,64099339,24470884,,461805,1300573,41.14,29.77,11.37,,6040,1211724,0.563
Brazil,BRA,2021-06-21,90013336,65421825,24591511,,1443113,1348000,41.81,30.38,11.42,,6261,1252063,0.582
Brazil,BRA,2021-06-22,91420290,66688623,24731667,,1406954,1354229,42.46,30.97,11.49,,6290,1254034,0.582
Brazil,BRA,2021-06-23,92782243,67890907,24891336,,1361953,1371537,43.09,31.53,11.56,,6370,1260346,0.585
Brazil,BRA,2021-06-24,94322179,69113521,25208658,,1539936,1268725,43.81,32.1,11.71,,5892,1132317,0.526
Brazil,BRA,2021-06-25,95764065,70369603,25404254,,1441886,1229085,44.48,32.68,11.8,,5708,1083392,0.503
Brazil,BRA,2021-06-26,96545254,71090361,25520772,,781189,1205262,44.84,33.02,11.85,,5598,1061601,0.493
Brazil,BRA,2021-06-27,96789753,71319026,25568632,,244499,1174219,44.95,33.12,11.88,,5454,1031384,0.479
Brazil,BRA,2021-06-28,97929680,72324820,25866869,,1139927,1130906,45.48,33.59,12.01,,5252,986142,0.458
Brazil,BRA,2021-06-29,99828676,73943650,26348752,,1898996,1201198,46.36,34.34,12.24,,5579,1036432,0.481
Brazil,BRA,2021-06-30,101167462,75097273,26642477,,1338786,1197888,46.99,34.88,12.37,,5563,1029481,0.478
Brazil,BRA,2021-07-01,102561737,76284848,26949200,,1394275,1177080,47.63,35.43,12.52,,5467,1024475,0.476
Brazil,BRA,2021-07-02,104047565,77586349,27259467,,1485828,1183357,48.32,36.03,12.66,,5496,1030964,0.479
Brazil,BRA,2021-07-03,104753510,78210253,27418130,,705945,1172608,48.65,36.32,12.73,,5446,1017127,0.472
Brazil,BRA,2021-07-04,105097389,78512727,27489232,,343879,1186805,48.81,36.46,12.77,,5512,1027672,0.477
Brazil,BRA,2021-07-05,106696625,79835457,27854683,,1599236,1252421,49.55,37.08,12.94,,5817,1072948,0.498
Brazil,BRA,2021-07-06,108247755,81152984,28317786,,1551130,1202726,50.27,37.69,13.15,,5586,1029905,0.478
Brazil,BRA,2021-07-07,109976127,82649595,28929443,,1728372,1258381,51.08,38.39,13.44,,5844,1078903,0.501
Brazil,BRA,2021-07-08,111573265,83948802,29547039,,1597138,1287361,51.82,38.99,13.72,,5979,1094851,0.508
Brazil,BRA,2021-07-09,112999344,85166293,30044191,,1426079,1278826,52.48,39.55,13.95,,5939,1082849,0.503
Brazil,BRA,2021-07-10,113929447,85922323,30387607,,930103,1310848,52.91,39.91,14.11,,6088,1101724,0.512
Brazil,BRA,2021-07-11,114350128,86272249,30545014,,420681,1321820,53.11,40.07,14.19,,6139,1108503,0.515
Brazil,BRA,2021-07-12,115654260,87264587,31003288,,1304132,1279662,53.71,40.53,14.4,,5943,1061304,0.493
Brazil,BRA,2021-07-13,117154411,88385719,31569503,,1500151,1272379,54.41,41.05,14.66,,5909,1033248,0.48
Brazil,BRA,2021-07-14,118689127,89449394,32219034,,1534716,1244714,55.12,41.54,14.96,,5781,971400,0.451
Brazil,BRA,2021-07-15,120155331,90743692,32832460,,1466204,1226009,55.8,42.14,15.25,,5694,970699,0.451
Brazil,BRA,2021-07-16,121651233,91739486,33467323,,1495902,1235984,56.5,42.61,15.54,,5740,939028,0.436
Brazil,BRA,2021-07-17,122615695,92434146,33818142,,964462,1240893,56.95,42.93,15.71,,5763,930260,0.432
Brazil,BRA,2021-07-18,122859535,92630599,33891244,,243840,1215630,57.06,43.02,15.74,,5646,908336,0.422
Brazil,BRA,2021-07-19,124433796,93786760,34383717,,1574261,1254219,57.79,43.56,15.97,,5825,931739,0.433
Brazil,BRA,2021-07-20,126315897,95101845,35053766,,1882101,1308784,58.67,44.17,16.28,,6079,959447,0.446
Brazil,BRA,2021-07-21,128199383,96304601,35808080,,1883486,1358608,59.54,44.73,16.63,,6310,979315,0.455
Brazil,BRA,2021-07-22,130131385,97428671,36676823,,1932002,1425151,60.44,45.25,17.03,,6619,954997,0.444
Brazil,BRA,2021-07-23,131858906,98712936,37161762,,1727521,1458239,61.24,45.85,17.26,,6773,996207,0.463
Brazil,BRA,2021-07-24,132812191,99391757,37463852,,953285,1456642,61.68,46.16,17.4,,6765,993944,0.462
Brazil,BRA,2021-07-25,133139145,99610570,37583404,,326954,1468516,61.84,46.26,17.46,,6820,997139,0.463
Brazil,BRA,2021-07-26,134540217,100522817,38110566,,1401072,1443774,62.49,46.69,17.7,,6705,962294,0.447
Brazil,BRA,2021-07-27,136158369,101528055,38761406,,1618152,1406067,63.24,47.15,18.0,,6530,918030,0.426
Brazil,BRA,2021-07-28,137944954,102535345,39603390,,1786585,1392224,64.07,47.62,18.39,,6466,890106,0.413
Brazil,BRA,2021-07-29,139483586,103363365,40360686,,1538632,1336029,64.78,48.01,18.75,,6205,847813,0.394
Brazil,BRA,2021-07-30,141319627,104477597,41116889,,1836041,1351532,65.63,48.52,19.1,,6277,823523,0.382
Brazil,BRA,2021-07-31,142301917,105083580,41507968,,982290,1355675,66.09,48.8,19.28,,6296,813118,0.378
Brazil,BRA,2021-08-01,142598659,105292650,41599313,,296742,1351359,66.23,48.9,19.32,,6276,811726,0.377
Brazil,BRA,2021-08-02,143762758,105934725,42147735,,1164099,1317506,66.77,49.2,19.58,,6119,773130,0.359
Brazil,BRA,2021-08-03,145618595,107137953,42823483,,1855837,1351461,67.63,49.76,19.89,,6277,801414,0.372
Brazil,BRA,2021-08-04,148054492,108658469,43769705,,2435897,1444220,68.76,50.47,20.33,,6708,874732,0.406
Brazil,BRA,2021-08-05,149763010,109745651,44414256,,1708518,1468489,69.56,50.97,20.63,,6820,911755,0.423
Brazil,BRA,2021-08-06,151506191,110841845,45086810,,1743181,1455223,70.37,51.48,20.94,,6759,909178,0.422
Brazil,BRA,2021-08-07,152313188,111342715,45397341,,806997,1430182,70.74,51.71,21.08,,6642,894162,0.415
Brazil,BRA,2021-08-08,152680029,111566720,45542992,,366841,1440196,70.91,51.82,21.15,,6689,896296,0.416
Brazil,BRA,2021-08-09,154190964,112476618,46160465,,1510935,1489744,71.61,52.24,21.44,,6919,934556,0.434
Brazil,BRA,2021-08-10,156399040,113880889,46980025,,2208076,1540064,72.64,52.89,21.82,,7153,963277,0.447
Brazil,BRA,2021-08-11,158422879,115251518,47644783,,2023839,1481198,73.58,53.53,22.13,,6879,941864,0.437
Brazil,BRA,2021-08-12,160674246,116780678,48383179,,2251367,1558748,74.62,54.24,22.47,,7239,1005004,0.467
Brazil,BRA,2021-08-13,162832096,118175020,49164242,,2157850,1617986,75.63,54.89,22.83,,7515,1047596,0.487
Brazil,BRA,2021-08-14,164215233,119132205,49606493,,1383137,1700292,76.27,55.33,23.04,,7897,1112784,0.517
Brazil,BRA,2021-08-15,164680217,119504650,49705914,,464984,1714313,76.48,55.5,23.09,,7962,1133990,0.527
Brazil,BRA,2021-08-16,166750328,120686544,50600926,,2070111,1794195,77.45,56.05,23.5,,8333,1172847,0.545
Brazil,BRA,2021-08-17,169753003,122541955,51771235,,3002675,1907709,78.84,56.91,24.04,,8860,1237295,0.575
Brazil,BRA,2021-08-18,171741149,123678883,52629848,,1988146,1902610,79.76,57.44,24.44,,8836,1203909,0.559
Brazil,BRA,2021-08-19,174263122,125160916,53680684,,2521973,1941268,80.93,58.13,24.93,,9016,1197177,0.556
Brazil,BRA,2021-08-20,176376890,126384146,54578690,,2113768,1934971,81.92,58.7,25.35,,8987,1172732,0.545
Brazil,BRA,2021-08-21,177587502,127168248,55013076,,1210612,1910324,82.48,59.06,25.55,,8872,1148006,0.533
Brazil,BRA,2021-08-22,178173214,127600937,55170955,,585712,1927571,82.75,59.26,25.62,,8952,1156612,0.537
Brazil,BRA,2021-08-23,180251675,128859272,55999780,,2078461,1928764,83.72,59.85,26.01,,8958,1167533,0.542
Brazil,BRA,2021-08-24,182654763,130267899,57002150,,2403088,1843109,84.83,60.5,26.47,,8560,1103706,0.513
Brazil,BRA,2021-08-25,184707573,131489509,57838947,,2052810,1852346,85.79,61.07,26.86,,8603,1115804,0.518
Brazil,BRA,2021-08-26,186102952,131918133,58811744,,1395379,1691404,86.43,61.27,27.31,,7856,965317,0.448
Brazil,BRA,2021-08-27,188045400,132939921,59746726,,1942448,1666930,87.34,61.74,27.75,,7742,936539,0.435
Brazil,BRA,2021-08-28,189376018,133608741,60412846,,1330618,1684074,87.95,62.05,28.06,,7821,920070,0.427
Brazil,BRA,2021-08-29,189971293,133947333,60672443,,595275,1685440,88.23,62.21,28.18,,7828,906628,0.421
Brazil,BRA,2021-08-30,191515901,134777145,61384034,,1544608,1609175,88.95,62.6,28.51,,7474,845410,0.393
Brazil,BRA,2021-08-31,194176380,136127045,62698760,,2660479,1645945,90.18,63.22,29.12,,7644,837021,0.389
Brazil,BRA,2021-09-01,196166473,137067385,63754375,,1990093,1636986,91.11,63.66,29.61,,7603,796839,0.37
Brazil,BRA,2021-09-02,198142390,137897705,64905651,282,1975917,1719920,92.03,64.05,30.14,0.0,7988,854225,0.397
Brazil,BRA,2021-09-03,200077775,138653061,66093601,373,1935385,1718911,92.92,64.4,30.7,0.0,7983,816163,0.379
Brazil,BRA,2021-09-04,201126108,139039441,66758831,537,1048333,1678584,93.41,64.58,31.01,0.0,7796,775814,0.36
Brazil,BRA,2021-09-05,201522079,139210778,66984704,780,395971,1650112,93.59,64.65,31.11,0.0,7664,751921,0.349
Brazil,BRA,2021-09-06,203024669,139985523,67702291,14059,1502590,1644110,94.29,65.01,31.44,0.01,7636,744054,0.346
Brazil,BRA,2021-09-07,203577189,140218809,68020838,17205,552520,1342973,94.55,65.12,31.59,0.01,6237,584538,0.271
Brazil,BRA,2021-09-08,205296045,140820674,69133319,25446,1718856,1304225,95.35,65.4,32.11,0.01,6057,536184,0.249
Brazil,BRA,2021-09-09,207509808,141565747,70594540,37195,2213763,1338203,96.38,65.75,32.79,0.02,6215,524006,0.243
Brazil,BRA,2021-09-10,209917761,142382292,72173074,52191,2407953,1405712,97.49,66.13,33.52,0.02,6529,532747,0.247
Brazil,BRA,2021-09-11,211223433,142798088,73050585,67596,1305672,1442475,98.1,66.32,33.93,0.03,6699,536950,0.249
Brazil,BRA,2021-09-12,211710814,142983971,73355123,68590,487381,1455534,98.33,66.41,34.07,0.03,6760,539028,0.25
Brazil,BRA,2021-09-13,213203733,143433748,74381040,88874,1492919,1454152,99.02,66.62,34.55,0.04,6754,492604,0.229
Brazil,BRA,2021-09-14,215338063,144100429,75814267,128791,2134330,1680125,100.01,66.93,35.21,0.06,7803,554517,0.258
Brazil,BRA,2021-09-15,217240047,144761529,76990802,197261,1901984,1706286,100.89,67.23,35.76,0.09,7925,562979,0.261
Brazil,BRA,2021-09-16,218735998,145238112,77988754,223085,1495951,1603741,101.59,67.45,36.22,0.1,7448,524624,0.244
Brazil,BRA,2021-09-17,221071595,146000277,79542916,249365,2335597,1593405,102.67,67.81,36.94,0.12,7400,516855,0.24
Brazil,BRA,2021-09-18,222156927,146371189,80250454,259046,1085332,1561928,103.18,67.98,37.27,0.12,7254,510443,0.237
Brazil,BRA,2021-09-19,222581680,146553215,80492254,260661,424753,1552981,103.38,68.07,37.38,0.12,7213,509892,0.237
Brazil,BRA,2021-09-20,223781527,146923305,81250428,334020,1199847,1511113,103.93,68.24,37.74,0.16,7018,498508,0.232
Brazil,BRA,2021-09-21,225592884,147473077,82467468,381549,1811357,1464974,104.77,68.49,38.3,0.18,6804,481807,0.224
Brazil,BRA,2021-09-22,227304555,147966925,83644344,427712,1711671,1437787,105.57,68.72,38.85,0.2,6678,457914,0.213
Brazil,BRA,2021-09-23,229100357,148510818,84869772,458735,1795802,1480623,106.4,68.97,39.42,0.21,6877,467529,0.217
Brazil,BRA,2021-09-24,230893002,148994474,86119839,520839,1792645,1403058,107.24,69.2,40.0,0.24,6516,427742,0.199
Brazil,BRA,2021-09-25,231983152,149386359,86796636,543561,1090150,1403746,107.74,69.38,40.31,0.25,6520,430739,0.2
Brazil,BRA,2021-09-26,232495892,149565073,87122476,552379,512740,1416316,107.98,69.46,40.46,0.26,6578,430265,0.2
Brazil,BRA,2021-09-27,233772505,149871708,87828174,818917,1276613,1427283,108.57,69.61,40.79,0.38,6629,421200,0.196
Brazil,BRA,2021-09-28,235617220,150382518,89101310,882537,1844715,1432048,109.43,69.84,41.38,0.41,6651,415634,0.193
Brazil,BRA,2021-09-29,237320144,150881737,90253376,937694,1702924,1430798,110.22,70.08,41.92,0.44,6645,416402,0.193
Brazil,BRA,2021-09-30,239190412,151420924,91430204,1095300,1870268,1441436,111.09,70.33,42.46,0.51,6695,415729,0.193
Brazil,BRA,2021-10-01,241200485,151901209,92759486,1302298,2010073,1472498,112.02,70.55,43.08,0.6,6839,415248,0.193
Brazil,BRA,2021-10-02,242252204,152166987,93442685,1407110,1051719,1467007,112.51,70.67,43.4,0.65,6813,397233,0.184
Brazil,BRA,2021-10-03,242632087,152277364,93674362,1445470,379883,1448028,112.69,70.72,43.51,0.67,6725,387470,0.18
Brazil,BRA,2021-10-04,243733571,152519888,94337578,1643658,1101484,1423009,113.2,70.84,43.81,0.76,6609,378311,0.176
Brazil,BRA,2021-10-05,245292452,152926450,95257454,1877233,1558881,1382176,113.92,71.03,44.24,0.87,6419,363419,0.169
Brazil,BRA,2021-10-06,247057054,153310124,96345260,2171857,1764602,1390987,114.74,71.2,44.75,1.01,6460,346912,0.161
Brazil,BRA,2021-10-07,248820533,153699490,97382944,2509515,1763479,1375732,115.56,71.38,45.23,1.17,6389,325509,0.151
Brazil,BRA,2021-10-08,250516351,154010913,98464451,2814838,1695818,1330838,116.35,71.53,45.73,1.31,6181,301386,0.14
Brazil,BRA,2021-10-09,251524115,154181567,99070817,3047975,1007764,1324559,116.82,71.61,46.01,1.42,6152,287797,0.134
Brazil,BRA,2021-10-10,252149684,154292724,99520881,3116010,625569,1359657,117.11,71.66,46.22,1.45,6315,287909,0.134
Brazil,BRA,2021-10-11,253164892,154580496,100085018,3281210,1015208,1347332,117.58,71.79,46.48,1.52,6258,294373,0.137
Brazil,BRA,2021-10-12,253561158,154693150,100324302,3326730,396266,1181244,117.76,71.85,46.59,1.55,5486,252386,0.117
Brazil,BRA,2021-10-13,254426529,154798792,100864092,3545399,865371,1052782,118.17,71.89,46.85,1.65,4890,212667,0.099
Brazil,BRA,2021-10-14,256762148,155526988,102264366,3755046,2335619,1134516,119.25,72.23,47.5,1.74,5269,261071,0.121
Brazil,BRA,2021-10-15,258849471,156015804,103527053,4093579,2087323,1190446,120.22,72.46,48.08,1.9,5529,286413,0.133
Brazil,BRA,2021-10-16,260157865,156313972,104314315,4320556,1308394,1233393,120.83,72.6,48.45,2.01,5728,304629,0.141
Brazil,BRA,2021-10-17,260683274,156420266,104630777,4428544,525409,1219084,121.07,72.65,48.59,2.06,5662,303935,0.141
Brazil,BRA,2021-10-18,261824131,156558619,105223364,4839664,1140857,1237034,121.6,72.71,48.87,2.25,5745,282589,0.131
Brazil,BRA,2021-10-19,263569544,156892317,106356335,5137429,1745413,1429769,122.41,72.87,49.4,2.39,6640,314167,0.146
Brazil,BRA,2021-10-20,265607325,157322792,107582227,5525142,2037781,1597257,123.36,73.07,49.97,2.57,7418,360571,0.167
Brazil,BRA,2021-10-21,266620080,157475037,108197260,5771569,1012755,1408276,123.83,73.14,50.25,2.68,6541,278293,0.129
Brazil,BRA,2021-10-22,267964026,157679997,108994434,6117946,1343946,1302079,124.45,73.23,50.62,2.84,6047,237742,0.11
Brazil,BRA,2021-10-23,268638494,157810514,109422127,6234557,674468,1211518,124.77,73.29,50.82,2.9,5627,213792,0.099
Brazil,BRA,2021-10-24,269442502,157986323,109945760,6340977,804008,1251318,125.14,73.38,51.06,2.94,5812,223722,0.104
Brazil,BRA,2021-10-25,271861944,158281322,111550520,6864893,2419442,1433973,126.26,73.51,51.81,3.19,6660,246100,0.114
Brazil,BRA,2021-10-26,273720279,158619663,112584033,7348675,1858335,1450105,127.13,73.67,52.29,3.41,6735,246764,0.115
Brazil,BRA,2021-10-27,275436454,158890656,113647161,7732904,1716175,1404161,127.92,73.8,52.78,3.59,6521,223981,0.104
Brazil,BRA,2021-10-28,277057532,159171324,114610870,8109625,1621078,1491065,128.68,73.93,53.23,3.77,6925,242327,0.113
Brazil,BRA,2021-10-29,278686713,159412919,115562494,8548187,1629181,1531812,129.43,74.04,53.67,3.97,7114,247560,0.115
Brazil,BRA,2021-10-30,279265141,159518249,115897379,8687173,578428,1518092,129.7,74.09,53.83,4.03,7051,243962,0.113
Brazil,BRA,2021-10-31,279666131,159589151,116117550,8798263,400990,1460518,129.89,74.12,53.93,4.09,6783,228975,0.106
Brazil,BRA,2021-11-01,279959241,159631476,116288959,8877862,293110,1156757,130.02,74.14,54.01,4.12,5372,192879,0.09
Brazil,BRA,2021-11-02,280181200,159667965,116399784,8952577,221959,922989,130.13,74.16,54.06,4.16,4287,149757,0.07
Brazil,BRA,2021-11-03,281228625,159792323,117020085,9256939,1047425,827453,130.61,74.21,54.35,4.3,3843,128810,0.06
Brazil,BRA,2021-11-04,282661800,160056071,117929773,9518430,1433175,800610,131.28,74.34,54.77,4.42,3718,126392,0.059
Brazil,BRA,2021-11-05,284683953,160333906,119243098,9942921,2022153,856749,132.22,74.47,55.38,4.62,3979,131570,0.061
Brazil,BRA,2021-11-06,285378181,160423951,119655284,10135262,694228,873291,132.54,74.51,55.57,4.71,4056,129386,0.06
Brazil,BRA,2021-11-07,285943124,160707880,119901571,10172914,564943,896713,132.8,74.64,55.69,4.72,4165,159818,0.074
Brazil,BRA,2021-11-08,287531811,160971992,120880423,10547189,1588687,1081796,133.54,74.76,56.14,4.9,5024,191502,0.089
Brazil,BRA,2021-11-09,288956195,161179478,121738604,10886116,1424384,1253571,134.2,74.86,56.54,5.06,5822,215930,0.1
Brazil,BRA,2021-11-10,290429521,161412780,122635903,11230958,1473326,1314414,134.89,74.97,56.96,5.22,6105,231494,0.108
Brazil,BRA,2021-11-11,292021210,161690791,123598784,11584564,1591689,1337059,135.63,75.1,57.4,5.38,6210,233531,0.108
Brazil,BRA,2021-11-12,293253508,161743151,124416550,11947900,1232298,1224222,136.2,75.12,57.78,5.55,5686,201321,0.094
Brazil,BRA,2021-11-13,293936446,161814220,124872035,12105575,682938,1222609,136.52,75.15,58.0,5.62,5678,198610,0.092
Brazil,BRA,2021-11-14,294339583,161908494,125123667,12162832,403137,1199494,136.7,75.2,58.11,5.65,5571,171516,0.08
Brazil,BRA,2021-11-15,294928227,161973124,125467475,12343281,588644,1056631,136.98,75.23,58.27,5.73,4907,143019,0.066
Brazil,BRA,2021-11-16,295624622,162028086,125915845,12537109,696395,952632,137.3,75.25,58.48,5.82,4424,121230,0.056
Brazil,BRA,2021-11-17,297253230,162257537,126961439,12891623,1628608,974816,138.06,75.36,58.97,5.99,4527,120680,0.056
Brazil,BRA,2021-11-18,298447729,162397679,127639599,13268488,1194499,918074,138.61,75.42,59.28,6.16,4264,100984,0.047
Brazil,BRA,2021-11-19,299734733,162554502,128377050,13665714,1287004,925889,139.21,75.5,59.62,6.35,4300,115907,0.054
Brazil,BRA,2021-11-20,300573489,162688776,128851409,13896415,838756,948149,139.6,75.56,59.84,6.45,4404,124937,0.058
Brazil,BRA,2021-11-21,301182753,162812584,129200205,14033709,609264,977596,139.88,75.62,60.01,6.52,4540,129156,0.06
Brazil,BRA,2021-11-22,302331069,162957786,129832016,14406374,1148316,1057549,140.41,75.68,60.3,6.69,4912,140666,0.065
Brazil,BRA,2021-11-23,303515430,163108526,130530871,14741803,1184361,1127258,140.96,75.75,60.62,6.85,5235,154349,0.072
Brazil,BRA,2021-11-24,304659197,163216460,131215922,15093083,1143767,1057995,141.5,75.8,60.94,7.01,4914,136989,0.064
Brazil,BRA,2021-11-25,305503188,163342820,131709249,15316348,843991,1007923,141.89,75.86,61.17,7.11,4681,135020,0.063
Brazil,BRA,2021-11-26,306741882,163546806,132395866,15662595,1238694,1001021,142.46,75.96,61.49,7.27,4649,141758,0.066
Brazil,BRA,2021-11-27,307205318,163607249,132667094,15794900,463436,947404,142.68,75.99,61.62,7.34,4400,131210,0.061
Brazil,BRA,2021-11-28,307583387,163684746,132895365,15889956,378069,914376,142.85,76.02,61.72,7.38,4247,124595,0.058
Brazil,BRA,2021-11-29,307817825,163706613,133029594,15967140,234438,783822,142.96,76.03,61.78,7.42,3640,106975,0.05
Brazil,BRA,2021-11-30,309486607,163926497,133911230,16537956,1668782,853025,143.74,76.13,62.19,7.68,3962,116853,0.054
Brazil,BRA,2021-12-01,310770495,164159539,134636857,16866381,1283888,873043,144.33,76.24,62.53,7.83,4055,134726,0.063
Brazil,BRA,2021-12-02,311950389,164290464,135324508,17229559,1179894,921029,144.88,76.3,62.85,8.0,4278,135378,0.063
Brazil,BRA,2021-12-03,313665030,164457496,136438552,17665501,1714641,989021,145.68,76.38,63.37,8.2,4593,130099,0.06
Brazil,BRA,2021-12-04,314450780,164543599,136830588,17974402,785750,1035066,146.04,76.42,63.55,8.35,4807,133764,0.062
Brazil,BRA,2021-12-05,314612221,164589731,136905306,18014777,161441,1004119,146.12,76.44,63.58,8.37,4664,129284,0.06
Brazil,BRA,2021-12-06,315518302,164604790,137355248,18457123,906081,1100068,146.54,76.45,63.79,8.57,5109,128311,0.06
Brazil,BRA,2021-12-07,316677030,164711745,137905915,18958874,1158728,1027203,147.08,76.5,64.05,8.81,4771,112178,0.052
Brazil,BRA,2021-12-08,317474217,164800426,138249795,19322836,797187,957675,147.45,76.54,64.21,8.97,4448,91555,0.043
Brazil,BRA,2021-12-09,318799260,164914808,138924356,19859727,1325043,978410,148.06,76.59,64.52,9.22,4544,89192,0.041
Brazil,BRA,2021-12-10,319739095,,139320682,20304256,939835,867724,148.5,,64.71,9.43,4030,65877,0.031
Brazil,BRA,2021-12-11,319980117,,139389518,20456996,241022,789905,148.61,,64.74,9.5,3669,54123,0.025
Brazil,BRA,2021-12-12,320112450,,139421689,20544800,132333,785747,148.67,,64.75,9.54,3649,48079,0.022
Brazil,BRA,2021-12-13,320737938,,139783903,20966748,625488,745662,148.96,,64.92,9.74,3463,46475,0.022
Brazil,BRA,2021-12-14,321601407,164933940,140151965,21417495,863469,703482,149.36,76.6,65.09,9.95,3267,31742,0.015
Brazil,BRA,2021-12-15,322902290,165135181,140902990,21767091,1300883,775439,149.97,76.7,65.44,10.11,3601,47822,0.022
Brazil,BRA,2021-12-16,323831095,165279022,141175069,22280659,928805,718834,150.4,76.76,65.57,10.35,3339,52031,0.024
Brazil,BRA,2021-12-17,324589549,165393977,141411665,22689115,758454,692922,150.75,76.82,65.68,10.54,3218,67906,0.032
Brazil,BRA,2021-12-18,324798686,165409165,141474540,22820476,209137,688367,150.85,76.82,65.71,10.6,3197,69529,0.032
Brazil,BRA,2021-12-19,324846680,165417886,141488098,22846232,47994,676319,150.87,76.83,65.71,10.61,3141,70228,0.033
Brazil,BRA,2021-12-20,325593485,165471288,141702263,23326643,746805,693650,151.22,76.85,65.81,10.83,3222,77311,0.036
Brazil,BRA,2021-12-21,326335565,165554570,141915573,23775890,742080,676308,151.56,76.89,65.91,11.04,3141,88661,0.041
Brazil,BRA,2021-12-22,327562756,165836442,142378728,24268862,1227191,665781,152.13,77.02,66.13,11.27,3092,100180,0.047
Brazil,BRA,2021-12-23,328473878,165894312,,24687765,911122,663255,152.56,77.05,,11.47,3080,87899,0.041
Brazil,BRA,2021-12-24,,,,,,574100,,,,,2666,73538,0.034
Brazil,BRA,2021-12-25,,,,,,563419,,,,,2617,73430,0.034
Brazil,BRA,2021-12-26,,,,,,575759,,,,,2674,74246,0.034
Brazil,BRA,2021-12-27,329011365,165952037,142764283,25218893,,488269,152.81,77.07,66.31,11.71,2268,68678,0.032
Brazil,BRA,2021-12-28,329861730,166062249,142965728,25758909,850365,503738,153.2,77.13,66.4,11.96,2340,72526,0.034
Brazil,BRA,2021-12-29,330718457,166143380,143282084,26219623,856727,450814,153.6,77.16,66.55,12.18,2094,43848,0.02
Brazil,BRA,2021-12-30,331164041,166185628,143398692,26507937,445584,384309,153.81,77.18,66.6,12.31,1785,41617,0.019
Brazil,BRA,2021-12-31,331273910,166195505,143436012,26571077,109869,380809,153.86,77.19,66.62,12.34,1769,40966,0.019
Brazil,BRA,2022-01-01,331292259,166199307,143441284,26580353,18349,364234,153.87,77.19,66.62,12.34,1692,39448,0.018
Brazil,BRA,2022-01-02,331335826,166206716,143462401,26595450,43567,351262,153.89,77.19,66.63,12.35,1631,38444,0.018
Brazil,BRA,2022-01-03,332076818,166320650,143723393,27021302,740992,437922,154.23,77.25,66.75,12.55,2034,52659,0.024
Brazil,BRA,2022-01-04,332903332,166426973,143762375,27644424,826514,434515,154.61,77.3,66.77,12.84,2018,52103,0.024
Brazil,BRA,2022-01-05,333627875,166475764,143877220,28208100,724543,415631,154.95,77.32,66.82,13.1,1930,47483,0.022
Brazil,BRA,2022-01-06,,,,,,427514,,,,,1986,46546,0.022
Brazil,BRA,2022-01-07,,,,,,487356,,,,,2263,50234,0.023
Brazil,BRA,2022-01-08,,,,,,560272,,,,,2602,54789,0.025
Brazil,BRA,2022-01-09,335742922,166618516,144380523,29681866,,629585,155.93,77.38,67.06,13.79,2924,58829,0.027
Brazil,BRA,2022-01-10,336825920,166713275,144723824,30328376,1082998,678443,156.44,77.43,67.22,14.09,3151,56089,0.026
Brazil,BRA,2022-01-11,337655171,166769657,144866950,30964122,829251,678834,156.82,77.45,67.28,14.38,3153,48955,0.023
Brazil,BRA,2022-01-12,338386118,166772188,145005051,31555580,730947,679749,157.16,77.46,67.35,14.66,3157,42346,0.02
Brazil,BRA,2022-01-13,339257036,166833338,145252463,32119256,870918,728628,157.56,77.48,67.46,14.92,3384,45984,0.021
Brazil,BRA,2022-01-14,339988963,166870347,145379254,32689339,731927,757652,157.9,77.5,67.52,15.18,3519,46172,0.021
Brazil,BRA,2022-01-15,340281915,166909237,145459361,32865633,292952,723965,158.04,77.52,67.56,15.26,3362,46630,0.022
Brazil,BRA,2022-01-16,343352666,167093156,146291728,34925304,3070751,1087106,159.47,77.6,67.94,16.22,5049,67806,0.031
Brazil,BRA,2022-01-17,347329271,167330250,147223765,37734662,3976605,1500479,161.31,77.71,68.38,17.53,6969,88139,0.041
Brazil,BRA,2022-01-18,348164653,167385859,147536850,38204173,835382,1501355,161.7,77.74,68.52,17.74,6973,88029,0.041
Brazil,BRA,2022-01-19,349495232,167547304,147737978,39175254,1330579,1587016,162.32,77.82,68.62,18.19,7371,110731,0.051
Brazil,BRA,2022-01-20,350629268,167751970,148043971,39815665,1134036,1624605,162.85,77.91,68.76,18.49,7545,131233,0.061
Brazil,BRA,2022-01-21,351485976,167875050,148225622,40368648,856708,1642430,163.24,77.97,68.84,18.75,7628,143529,0.067
Brazil,BRA,2022-01-22,352744905,168014778,148534163,41179575,1258929,1780427,163.83,78.03,68.99,19.13,8269,157934,0.073
Brazil,BRA,2022-01-23,352952210,168090877,148571660,41273385,207305,1371363,163.92,78.07,69.0,19.17,6369,142532,0.066
Brazil,BRA,2022-01-24,354878131,168341120,148929430,42592544,1925921,1078409,164.82,78.18,69.17,19.78,5009,144410,0.067
Brazil,BRA,2022-01-25,355987219,168546490,149165531,43260640,1109088,1117509,165.33,78.28,69.28,20.09,5190,165804,0.077
Brazil,BRA,2022-01-26,357132990,168921071,149273731,43930017,1145771,1091108,165.87,78.45,69.33,20.4,5068,196252,0.091
Brazil,BRA,2022-01-27,358789930,169261105,149542396,44986684,1656940,1165809,166.64,78.61,69.45,20.89,5414,215591,0.1
Brazil,BRA,2022-01-28,360492730,169619416,149714068,46174206,1702800,1286679,167.43,78.78,69.53,21.45,5976,249195,0.116
Brazil,BRA,2022-01-29,361165196,169825847,149779557,46576117,672466,1202899,167.74,78.87,69.56,21.63,5587,258724,0.12
Brazil,BRA,2022-01-30,361309679,169865538,149793528,46667050,144483,1193924,167.81,78.89,69.57,21.67,5545,253523,0.118
Brazil,BRA,2022-01-31,362503209,170322125,149930855,47268419,1193530,1089297,168.36,79.1,69.63,21.95,5059,283001,0.131
Brazil,BRA,2022-02-01,363827251,170599221,150040841,48206588,1324042,1120005,168.98,79.23,69.68,22.39,5202,293247,0.136
Brazil,BRA,2022-02-02,365113872,170911850,150259405,48964197,1286621,1140126,169.57,79.38,69.79,22.74,5295,284397,0.132
Brazil,BRA,2022-02-03,366488450,171219037,150497414,49796615,1374578,1099789,170.21,79.52,69.9,23.13,5108,279705,0.13
Brazil,BRA,2022-02-04,367778211,171783306,150682483,50350832,1289761,1040783,170.81,79.78,69.98,23.38,4834,309127,0.144
Brazil,BRA,2022-02-05,368572365,172107474,150764876,50739982,794154,1058167,171.18,79.93,70.02,23.57,4915,325947,0.151
Brazil,BRA,2022-02-06,369521071,172186641,150868539,51506685,948706,1173056,171.62,79.97,70.07,23.92,5448,331586,0.154
Brazil,BRA,2022-02-07,370659862,172652514,150995915,52053080,1138791,1165236,172.15,80.19,70.13,24.18,5412,332913,0.155
Brazil,BRA,2022-02-08,371840433,172885945,151169160,52827090,1180571,1144740,172.7,80.29,70.21,24.53,5317,326675,0.152
Brazil,BRA,2022-02-09,373331749,172995877,151496825,53864593,1491316,1173982,173.39,80.35,70.36,25.02,5452,297718,0.138
Brazil,BRA,2022-02-10,375028165,173402815,151866862,54786812,1696416,1219959,174.18,80.54,70.53,25.45,5666,311968,0.145
Brazil,BRA,2022-02-11,376813738,173901090,152092266,55852904,1785573,1290790,175.01,80.77,70.64,25.94,5995,302541,0.141
Brazil,BRA,2022-02-12,377626315,174117725,152194707,56346995,812577,1293421,175.38,80.87,70.69,26.17,6007,287179,0.133
Brazil,BRA,2022-02-13,378011196,174214439,152338804,56491813,384881,1212875,175.56,80.91,70.75,26.24,5633,289685,0.135
Brazil,BRA,2022-02-14,378917750,174420792,152482989,57031422,906554,1179698,175.98,81.01,70.82,26.49,5479,252611,0.117
Brazil,BRA,2022-02-15,379776348,174665423,152576040,57563050,858598,1133702,176.38,81.12,70.86,26.73,5265,254211,0.118
Brazil,BRA,2022-02-16,380878261,174949012,152751771,58207145,1101913,1078073,176.89,81.25,70.94,27.03,5007,279019,0.13
Brazil,BRA,2022-02-17,382196732,175209007,152934928,59085282,1318471,1024081,177.51,81.37,71.03,27.44,4756,258027,0.12
Brazil,BRA,2022-02-18,384112607,175933938,153259174,59954912,1915875,1042696,178.4,81.71,71.18,27.85,4843,290407,0.135
Brazil,BRA,2022-02-19,385030790,176141497,153450986,60474794,918183,1057782,178.82,81.81,71.27,28.09,4913,289110,0.134
Brazil,BRA,2022-02-20,385406305,176222268,153503892,60718386,375515,1056444,179.0,81.84,71.29,28.2,4907,286833,0.133
Brazil,BRA,2022-02-21,386298288,176406587,153654205,61279432,891983,1054363,179.41,81.93,71.36,28.46,4897,283685,0.132
Brazil,BRA,2022-02-22,387226162,176625569,153776069,61867668,927874,1064259,179.84,82.03,71.42,28.73,4943,280021,0.13
Brazil,BRA,2022-02-23,388306875,176920320,154064354,62367146,1080713,1061231,180.34,82.17,71.55,28.97,4929,281615,0.131
Brazil,BRA,2022-02-24,389748374,177174489,154310603,63304898,1441499,1078806,181.01,82.29,71.67,29.4,5010,280783,0.13
Brazil,BRA,2022-02-25,391253145,177448925,154573852,64282472,1504771,1020077,181.71,82.41,71.79,29.86,4738,216427,0.101
Brazil,BRA,2022-02-26,391785022,177544796,154668487,64624776,531877,964890,181.96,82.46,71.83,30.01,4481,200471,0.093
Brazil,BRA,2022-02-27,391970436,177579708,154719004,64725099,185414,937733,182.05,82.47,71.86,30.06,4355,193920,0.09
Brazil,BRA,2022-02-28,392763634,177742258,155044552,65031675,793198,923621,182.41,82.55,72.01,30.2,4290,190810,0.089
Brazil,BRA,2022-03-01,392925626,177836868,155071690,65073212,161992,814209,182.49,82.59,72.02,30.22,3782,173043,0.08
Brazil,BRA,2022-03-02,,,,,,744548,,,,,3458,141712,0.066
Brazil,BRA,2022-03-03,394111796,177987744,155380086,65802661,,623346,183.04,82.66,72.16,30.56,2895,116179,0.054
Brazil,BRA,2022-03-04,394812859,178113009,155569412,66190014,701063,508531,183.37,82.72,72.25,30.74,2362,94869,0.044
Brazil,BRA,2022-03-05,395464826,178203894,155711613,66609966,651967,525686,183.67,82.76,72.32,30.94,2441,94157,0.044
Brazil,BRA,2022-03-06,395658972,178245534,155740455,66734054,194146,526934,183.76,82.78,72.33,30.99,2447,95118,0.044
Brazil,BRA,2022-03-07,396537303,178366451,155930535,67303447,878331,539096,184.17,82.84,72.42,31.26,2504,89170,0.041
Brazil,BRA,2022-03-08,397386286,178486274,156114741,67849960,848983,637237,184.56,82.9,72.51,31.51,2960,92772,0.043
Brazil,BRA,2022-03-09,398449118,178657742,156339809,68529303,1062832,704344,185.06,82.98,72.61,31.83,3271,106491,0.049
Brazil,BRA,2022-03-10,400536072,179288492,157250835,69072506,2086954,917754,186.02,83.27,73.03,32.08,4262,185821,0.086
Brazil,BRA,2022-03-11,401272006,179411783,157418571,69520035,735934,922735,186.37,83.33,73.11,32.29,4286,185539,0.086
Brazil,BRA,2022-03-12,402357624,179715577,157623243,70098817,1085618,984685,186.87,83.47,73.21,32.56,4573,215955,0.1
Brazil,BRA,2022-03-13,402573315,179754579,157662860,70236716,215691,987763,186.97,83.49,73.22,32.62,4588,215578,0.1
Brazil,BRA,2022-03-14,403286505,179853602,157830125,70685742,713190,964172,187.3,83.53,73.3,32.83,4478,212450,0.099
Brazil,BRA,2022-03-15,403856898,179913614,157992526,71035349,570393,924373,187.57,83.56,73.38,32.99,4293,203906,0.095
Brazil,BRA,2022-03-16,404885141,180005705,158245106,71727611,1028243,919432,188.04,83.6,73.5,33.31,4270,192566,0.089
Brazil,BRA,2022-03-17,405634648,180093699,158439105,72198007,749507,728368,188.39,83.64,73.59,33.53,3383,115030,0.053
Brazil,BRA,2022-03-18,406685448,180265232,158682962,72838901,1050800,773349,188.88,83.72,73.7,33.83,3592,121921,0.057
Brazil,BRA,2022-03-19,407274462,180341198,158832351,73204533,589014,702405,189.15,83.76,73.77,34.0,3262,89374,0.042
Brazil,BRA,2022-03-20,407435784,180360121,158863543,73315989,161322,694638,189.23,83.77,73.78,34.05,3226,86506,0.04
Brazil,BRA,2022-03-21,408348030,180469257,159101357,73883571,912246,723075,189.65,83.82,73.89,34.31,3358,87951,0.041
Brazil,BRA,2022-03-22,408961974,180523619,159240417,74304721,613944,729297,189.94,83.84,73.96,34.51,3387,87144,0.04
Brazil,BRA,2022-03-23,409606978,180592464,159388079,74734058,645004,674548,190.24,83.87,74.03,34.71,3133,83823,0.039
Brazil,BRA,2022-03-24,410175836,180653782,159513421,75117268,568858,648741,190.5,83.9,74.08,34.89,3013,80012,0.037
Brazil,BRA,2022-03-25,410860641,180726798,159673499,75570590,684805,596456,190.82,83.94,74.16,35.1,2770,65938,0.031
Brazil,BRA,2022-03-26,411116197,180757995,159756178,75715420,255556,548819,190.94,83.95,74.2,35.17,2549,59542,0.028
Brazil,BRA,2022-03-27,411548202,180800024,159842858,76020080,432005,587488,191.14,83.97,74.24,35.31,2729,62843,0.029
Brazil,BRA,2022-03-28,412177025,180881628,160008924,76412684,628823,546999,191.43,84.01,74.31,35.49,2540,58910,0.027
Brazil,BRA,2022-03-29,413559595,181078067,160272858,77336806,1382570,656803,192.07,84.1,74.44,35.92,3050,79207,0.037
Brazil,BRA,2022-03-30,414606124,181174361,160525435,78038061,1046529,714164,192.56,84.14,74.55,36.24,3317,83128,0.039
Brazil,BRA,2022-03-31,415350921,181233281,160706753,78545054,744797,739298,192.91,84.17,74.64,36.48,3434,82786,0.038
Brazil,BRA,2022-04-01,,,,,,702163,,,,,3261,77578,0.036
Brazil,BRA,2022-04-02,,,,,,726349,,,,,3373,78345,0.036
Brazil,BRA,2022-04-03,416625503,181342972,161015556,79407896,,725329,193.5,84.22,74.78,36.88,3369,77564,0.036
Brazil,BRA,2022-04-04,417150367,181374540,161109802,79808443,524864,710477,193.74,84.24,74.83,37.07,3300,70416,0.033
Brazil,BRA,2022-04-05,418081276,181451944,161296449,80480994,930909,645954,194.17,84.27,74.91,37.38,3000,53411,0.025
Brazil,BRA,2022-04-06,418988804,181544315,161485597,81135417,907528,626097,194.59,84.32,75.0,37.68,2908,52851,0.025
Brazil,BRA,2022-04-07,419669076,181596648,161634006,81617827,680272,616879,194.91,84.34,75.07,37.91,2865,51910,0.024
Brazil,BRA,2022-04-08,420411074,181652995,161802142,82140278,741998,662185,195.26,84.37,75.15,38.15,3075,54736,0.025
Brazil,BRA,2022-04-09,420841281,181687021,161882738,82460566,430207,662948,195.46,84.38,75.18,38.3,3079,54373,0.025
Brazil,BRA,2022-04-10,421028480,181702093,161924220,82594423,187199,628997,195.54,84.39,75.2,38.36,2921,51303,0.024
Brazil,BRA,2022-04-11,421634418,181755180,162079967,82993482,605938,640579,195.82,84.41,75.28,38.55,2975,54377,0.025
Brazil,BRA,2022-04-12,422368139,181810164,162237061,83518646,733721,612409,196.16,84.44,75.35,38.79,2844,51174,0.024
Brazil,BRA,2022-04-13,422804515,181841381,162328262,83836874,436376,545102,196.37,84.45,75.39,38.94,2532,42438,0.02
Brazil,BRA,2022-04-14,423594585,181894974,162490311,84414525,790070,560787,196.73,84.48,75.47,39.21,2605,42618,0.02
Brazil,BRA,2022-04-15,,,,,,476878,,,,,2215,38405,0.018
Brazil,BRA,2022-04-16,,,,,,437511,,,,,2032,37380,0.017
Brazil,BRA,2022-04-17,424058492,181975535,162589368,84700482,,432859,196.95,84.52,75.51,39.34,2010,39063,0.018
Brazil,BRA,2022-04-18,424403120,182010643,162689883,84910442,344628,395529,197.11,84.53,75.56,39.44,1837,36495,0.017
Brazil,BRA,2022-04-19,425301193,182287352,162888301,85336548,898073,419008,197.53,84.66,75.65,39.63,1946,68170,0.032
Brazil,BRA,2022-04-20,426002158,182324186,163106069,85785089,700965,456806,197.85,84.68,75.75,39.84,2122,68972,0.032
Brazil,BRA,2022-04-21,426445178,182365678,163228941,86064638,443020,407228,198.06,84.7,75.81,39.97,1891,67243,0.031
Brazil,BRA,2022-04-22,,,,,,402195,,,,,1868,65555,0.03
Brazil,BRA,2022-04-23,426683997,182395741,163322265,86180459,,397163,198.17,84.71,75.85,40.03,1845,63866,0.03
Brazil,BRA,2022-04-24,426686042,182395817,163322557,86182146,2045,375364,198.17,84.71,75.85,40.03,1743,60040,0.028
Brazil,BRA,2022-04-25,426987455,182426996,163400967,86375300,301413,369191,198.31,84.73,75.89,40.12,1715,59479,0.028
Brazil,BRA,2022-04-26,427262945,182455170,163481925,86543564,275490,280250,198.44,84.74,75.93,40.19,1302,23974,0.011
Brazil,BRA,2022-04-27,428179278,182519774,163675729,87204205,916333,311017,198.86,84.77,76.02,40.5,1444,27941,0.013
Brazil,BRA,2022-04-28,428748714,182563727,163815874,87591331,569436,329077,199.13,84.79,76.08,40.68,1528,28293,0.013
Brazil,BRA,2022-04-29,429202399,182599066,163923507,87903408,453685,376830,199.34,84.81,76.13,40.83,1750,31194,0.014
Brazil,BRA,2022-04-30,,,,,,389121,,,,,1807,30778,0.014
Brazil,BRA,2022-05-01,429613287,182623313,163989684,88224899,,418178,199.53,84.82,76.16,40.98,1942,32499,0.015
Brazil,BRA,2022-05-02,430000411,182665767,164101615,88458624,387124,430422,199.71,84.84,76.22,41.08,1999,34110,0.016
Brazil,BRA,2022-05-03,430435333,182707626,164217813,88736521,434922,453198,199.91,84.86,76.27,41.21,2105,36065,0.017
Brazil,BRA,2022-05-04,430951275,182778371,164385393,89015754,515942,396000,200.15,84.89,76.35,41.34,1839,36942,0.017
Brazil,BRA,2022-05-05,431278922,182800351,164464910,89242341,327647,361458,200.3,84.9,76.38,41.45,1679,33803,0.016
Brazil,BRA,2022-05-06,431859321,182850462,164564155,89674756,580399,379560,200.57,84.92,76.43,41.65,1763,35914,0.017
Brazil,BRA,2022-05-07,432025086,182860122,164594075,89801425,165765,373892,200.65,84.93,76.44,41.71,1737,35562,0.017
Brazil,BRA,2022-05-08,432134475,182871051,164611407,89882749,109389,360170,200.7,84.93,76.45,41.75,1673,35391,0.016
Brazil,BRA,2022-05-09,432354816,182895357,164655881,90034922,220341,336344,200.8,84.94,76.47,41.82,1562,32799,0.015
Brazil,BRA,2022-05-10,432639345,182912971,164719113,90239407,284529,314859,200.93,84.95,76.5,41.91,1462,29335,0.014
Brazil,BRA,2022-05-11,434019486,183059675,165033358,91160592,1380141,438316,201.58,85.02,76.65,42.34,2036,40186,0.019
Brazil,BRA,2022-05-12,435017274,183119662,165122240,92022577,997788,534050,202.04,85.05,76.69,42.74,2480,45616,0.021
Brazil,BRA,2022-05-13,435185477,183131850,165160304,92140991,168203,475165,202.12,85.05,76.71,42.79,2207,40198,0.019
Brazil,BRA,2022-05-14,435226309,183134052,165170618,92169363,40832,457318,202.14,85.05,76.71,42.81,2124,39133,0.018
Brazil,BRA,2022-05-15,435243423,183135100,165173312,92182749,17114,444135,202.14,85.06,76.71,42.81,2063,37721,0.018
Brazil,BRA,2022-05-16,435312095,183142928,165182832,92236350,68672,422468,202.18,85.06,76.72,42.84,1962,35367,0.016
Brazil,BRA,2022-05-17,,,,,,450735,,,,,2093,37322,0.017
Brazil,BRA,2022-05-18,436276886,183205522,165396479,92931571,,322486,202.62,85.09,76.82,43.16,1498,20835,0.01
Brazil,BRA,2022-05-19,436936651,183241820,165448319,93504050,659765,274197,202.93,85.1,76.84,43.43,1273,17451,0.008
Brazil,BRA,2022-05-20,437099610,183251237,165506166,93600217,162959,273448,203.01,85.11,76.87,43.47,1270,17055,0.008
Brazil,BRA,2022-05-21,437142038,183256110,165518807,93625233,42428,273676,203.03,85.11,76.87,43.48,1271,17437,0.008
Brazil,BRA,2022-05-22,,,,,,319737,,,,,1485,29956,0.014
Brazil,BRA,2022-05-23,,,,,,358433,,,,,1665,41507,0.019
Brazil,BRA,2022-05-24,,,,,,338026,,,,,1570,49705,0.023
Brazil,BRA,2022-05-25,,,,,,317619,,,,,1475,57903,0.027
Brazil,BRA,2022-05-26,438839760,183699529,165816612,94587179,,271873,203.81,85.32,77.01,43.93,1263,65387,0.03
Brazil,BRA,2022-05-27,440230116,183815081,165961524,95726593,1390356,447215,204.46,85.37,77.08,44.46,2077,80549,0.037
Brazil,BRA,2022-05-28,440558613,183853208,166003440,95975713,328497,488082,204.61,85.39,77.1,44.57,2267,85300,0.04
Brazil,BRA,2022-05-29,440647763,183859105,166018561,96043999,89150,452312,204.65,85.39,77.11,44.61,2101,73473,0.034
Brazil,BRA,2022-05-30,440887471,183885189,166071932,96205270,239708,438049,204.77,85.4,77.13,44.68,2034,64530,0.03
Brazil,BRA,2022-05-31,441054017,183894671,166104268,96330487,166546,413335,204.84,85.41,77.15,44.74,1920,53216,0.025
Brazil,BRA,2022-06-01,441279964,183925335,166164004,96467250,225947,397107,204.95,85.42,77.17,44.8,1844,44927,0.021
Brazil,BRA,2022-06-02,,,,,,440841,,,,,2047,38943,0.018
Brazil,BRA,2022-06-03,442571325,184018923,166365243,97467265,,334458,205.55,85.47,77.27,45.27,1553,29120,0.014
Brazil,BRA,2022-06-04,443278533,184062381,166424506,98075029,707208,388560,205.88,85.49,77.29,45.55,1805,29882,0.014
Brazil,BRA,2022-06-05,443475532,184077691,166459996,98221657,196999,403967,205.97,85.49,77.31,45.62,1876,31227,0.015
Brazil,BRA,2022-06-06,443829496,184091855,166493992,98528751,353964,420289,206.13,85.5,77.33,45.76,1952,29524,0.014
Brazil,BRA,2022-06-07,444537453,184130468,166572602,99120969,707957,497634,206.46,85.52,77.36,46.04,2311,33685,0.016
Brazil,BRA,2022-06-08,445097070,184150383,166737175,99499887,559617,545301,206.72,85.53,77.44,46.21,2533,32150,0.015
Brazil,BRA,2022-06-09,446745262,184254911,167910796,99871092,1648192,688517,207.49,85.58,77.98,46.38,3198,40397,0.019
Brazil,BRA,2022-06-10,,,,,,644232,,,,,2992,35634,0.017
Brazil,BRA,2022-06-11,447416630,184281808,168008971,100420090,,591157,207.8,85.59,78.03,46.64,2746,31347,0.015
Brazil,BRA,2022-06-12,447455088,184286899,168027302,100435388,38458,568508,207.82,85.59,78.04,46.65,2640,29887,0.014
Brazil,BRA,2022-06-13,447773835,184298439,168055659,100715379,318747,563477,207.96,85.6,78.05,46.78,2617,29512,0.014
Brazil,BRA,2022-06-14,448234610,184321008,168113218,101097404,460775,528165,208.18,85.61,78.08,46.95,2453,27220,0.013
Brazil,BRA,2022-06-15,448567375,184337124,168140833,101388985,332765,495758,208.33,85.61,78.09,47.09,2302,26677,0.012
Brazil,BRA,2022-06-16,449034484,184418250,168228893,101690638,467109,327032,208.55,85.65,78.13,47.23,1519,23334,0.011
Brazil,BRA,2022-06-17,449187010,184424410,168245953,101820162,152526,300866,208.62,85.65,78.14,47.29,1397,22293,0.01
Brazil,BRA,2022-06-18,449291596,184431840,168262637,101900962,104586,267852,208.67,85.66,78.15,47.33,1244,21433,0.01
Brazil,BRA,2022-06-19,449339384,184433745,168272147,101937408,47788,269185,208.69,85.66,78.15,47.34,1250,20978,0.01
Brazil,BRA,2022-06-20,449796728,184456417,168365246,102279577,457344,288985,208.9,85.67,78.2,47.5,1342,22568,0.01
Brazil,BRA,2022-06-21,450342490,184483215,168401552,102763202,545762,301126,209.16,85.68,78.21,47.73,1399,23172,0.011
Brazil,BRA,2022-06-22,450847767,184509247,168480030,103164594,505277,325770,209.39,85.69,78.25,47.91,1513,24589,0.011
Brazil,BRA,2022-06-23,451276207,184537975,168547546,103497533,428440,320246,209.59,85.71,78.28,48.07,1487,17104,0.008
Brazil,BRA,2022-06-24,451641403,184552936,168569319,103827247,365196,350628,209.76,85.71,78.29,48.22,1628,18361,0.009
Brazil,BRA,2022-06-25,451645589,184554559,168570301,103828829,4186,336285,209.76,85.71,78.29,48.22,1562,17531,0.008
Brazil,BRA,2022-06-26,451787907,184557755,168577895,103960516,142318,349789,209.83,85.72,78.29,48.28,1625,17716,0.008
Brazil,BRA,2022-06-27,452218476,184574635,168604658,104348850,430569,345964,210.03,85.72,78.31,48.46,1607,16888,0.008
Brazil,BRA,2022-06-28,,,,,,450304,,,,,2091,19339,0.009
Brazil,BRA,2022-06-29,454770759,184662547,168901560,106526094,,560427,211.21,85.76,78.44,49.47,2603,21900,0.01
Brazil,BRA,2022-06-30,454854179,184682893,168924041,106567152,83420,511139,211.25,85.77,78.45,49.49,2374,20703,0.01
Brazil,BRA,2022-07-01,455499598,184737131,169070566,107015873,645419,551171,211.55,85.8,78.52,49.7,2560,26314,0.012
Brazil,BRA,2022-07-02,455720321,184748472,169103088,107193108,220723,582105,211.65,85.8,78.54,49.78,2704,27702,0.013
Brazil,BRA,2022-07-03,456101065,184764593,169144171,107517391,380744,616165,211.83,85.81,78.56,49.94,2862,29548,0.014
Brazil,BRA,2022-07-04,456903089,184786423,169188579,108264143,802024,669230,212.2,85.82,78.58,50.28,3108,30255,0.014
Brazil,BRA,2022-07-05,457240603,184808029,169230631,108538492,337514,535141,212.36,85.83,78.6,50.41,2485,27063,0.013
Brazil,BRA,2022-07-06,,,,,,410217,,,,,1905,24782,0.012
Brazil,BRA,2022-07-07,458043955,184864012,169334423,109183399,,455682,212.73,85.86,78.65,50.71,2116,25874,0.012
Brazil,BRA,2022-07-08,,,,,,391743,,,,,1819,19724,0.009
Brazil,BRA,2022-07-09,458439642,184886392,169396807,109495260,,388474,212.92,85.87,78.67,50.85,1804,19703,0.009
Brazil,BRA,2022-07-10,458522879,184888876,169407663,109565250,83237,345973,212.96,85.87,78.68,50.89,1607,17755,0.008
Brazil,BRA,2022-07-11,459647933,184902655,169450183,110634426,1125054,392121,213.48,85.88,78.7,51.38,1821,16605,0.008
Brazil,BRA,2022-07-12,,,,,,372720,,,,,1731,14948,0.007
Brazil,BRA,2022-07-13,460051351,184922668,169518495,110950272,,344153,213.67,85.89,78.73,51.53,1598,12378,0.006
Brazil,BRA,2022-07-14,461148848,184951661,169602261,111935605,1097497,443556,214.18,85.9,78.77,51.99,2060,12521,0.006
Brazil,BRA,2022-07-15,,,,,,439904,,,,,2043,12517,0.006
Brazil,BRA,2022-07-16,461493406,184973979,169671773,112188936,,436252,214.34,85.91,78.8,52.1,2026,12512,0.006
Brazil,BRA,2022-07-17,461568115,184976830,169680492,112252184,74709,435034,214.37,85.91,78.81,52.13,2020,12565,0.006
Brazil,BRA,2022-07-18,,,,,,350861,,,,,1630,15320,0.007
Brazil,BRA,2022-07-19,,,,,,398594,,,,,1851,18614,0.009
Brazil,BRA,2022-07-20,,,,,,446327,,,,,2073,21908,0.01
Brazil,BRA,2022-07-21,,,,,,366091,,,,,1700,22490,0.01
Brazil,BRA,2022-07-22,,,,,,418028,,,,,1941,25619,0.012
Brazil,BRA,2022-07-23,,,,,,469966,,,,,2183,28749,0.013
Brazil,BRA,2022-07-24,465319009,185208286,170168354,,,535842,216.11,86.02,79.03,,2489,33065,0.015
Brazil,BRA,2022-07-25,,,,,,462161,,,,,2146,34306,0.016
Brazil,BRA,2022-07-26,,,,,,388480,,,,,1804,35546,0.017
Brazil,BRA,2022-07-27,,,,,,314799,,,,,1462,36787,0.017
Brazil,BRA,2022-07-28,,,,,,241118,,,,,1120,38028,0.018
Brazil,BRA,2022-07-29,,,,,,167437,,,,,778,39268,0.018
Brazil,BRA,2022-07-30,,,,,,93756,,,,,435,40509,0.019
Brazil,BRA,2022-07-31,,,,,,20075,,,,,93,41749,0.019
Brazil,BRA,2022-08-01,,,,,,20075,,,,,93,41749,0.019
Brazil,BRA,2022-08-02,,,,,,20075,,,,,93,41749,0.019
Brazil,BRA,2022-08-03,,,,,,20075,,,,,93,41749,0.019
Brazil,BRA,2022-08-04,,,,,,20075,,,,,93,41749,0.019
Brazil,BRA,2022-08-05,,,,,,20075,,,,,93,41749,0.019
Brazil,BRA,2022-08-06,,,,,,20075,,,,,93,41749,0.019
Brazil,BRA,2022-08-07,,,,,,20075,,,,,93,41749,0.019
Brazil,BRA,2022-08-08,465620128,185834527,170839777,114326122,,20075,216.25,86.31,79.34,53.1,93,41749,0.019
Brazil,BRA,2022-08-09,465843376,185856818,170942943,114425818,223248,49099,216.36,86.32,79.39,53.14,228,38970,0.018
Brazil,BRA,2022-08-10,466047379,185892530,170983152,114560347,204003,75375,216.45,86.34,79.41,53.21,350,38107,0.018
Brazil,BRA,2022-08-11,466464500,185920530,170998964,114934576,417121,132096,216.64,86.35,79.42,53.38,614,36143,0.017
Brazil,BRA,2022-08-12,466850155,185975699,171084385,115180990,385655,184322,216.82,86.37,79.46,53.49,856,38060,0.018
Brazil,BRA,2022-08-13,,,,,,192369,,,,,893,33367,0.015
Brazil,BRA,2022-08-14,467002964,185993496,171111631,115289012,,200416,216.89,86.38,79.47,53.54,931,28674,0.013
Brazil,BRA,2022-08-15,467119772,186014159,171145175,115352317,116808,214235,216.95,86.39,79.49,53.57,995,25662,0.012
Brazil,BRA,2022-08-16,,,,,,233615,,,,,1085,26586,0.012
Brazil,BRA,2022-08-17,,,,,,255744,,,,,1188,25592,0.012
Brazil,BRA,2022-08-18,468196498,186100433,171285767,116222886,,247428,217.45,86.43,79.55,53.98,1149,25700,0.012
Brazil,BRA,2022-08-19,468240252,186112320,171298784,116241830,43754,198585,217.47,86.44,79.56,53.99,922,19517,0.009
Brazil,BRA,2022-08-20,468323757,186147547,171315994,116272952,83505,199600,217.51,86.45,79.57,54.0,927,23278,0.011
Brazil,BRA,2022-08-21,468339633,186159303,171319284,116274155,15876,190953,217.52,86.46,79.57,54.0,887,23687,0.011
Brazil,BRA,2022-08-22,468400138,186176638,171336583,116300081,60505,182909,217.54,86.47,79.58,54.01,850,23211,0.011
Brazil,BRA,2022-08-23,468580889,186302961,171369543,116322566,180751,157458,217.63,86.53,79.59,54.02,731,37149,0.017
Brazil,BRA,2022-08-24,468684685,186358100,171401015,116346199,103796,121014,217.68,86.55,79.61,54.04,562,40918,0.019
Brazil,BRA,2022-08-25,468741076,186374962,171421366,116365561,56391,77797,217.7,86.56,79.61,54.04,361,39218,0.018
Brazil,BRA,2022-08-26,468802225,186397361,171439071,116386932,61149,80282,217.73,86.57,79.62,54.05,373,40720,0.019
Brazil,BRA,2022-08-27,468830167,186406003,171451693,116393648,27942,72344,217.74,86.57,79.63,54.06,336,36922,0.017
Brazil,BRA,2022-08-28,468834023,186406388,171451863,116396949,3856,70627,217.74,86.57,79.63,54.06,328,35298,0.016
Brazil,BRA,2022-08-29,470058345,186476296,171607294,117398187,1224322,236887,218.31,86.61,79.7,54.52,1100,42808,0.02
Brazil,BRA,2022-08-30,470115910,186491119,171625383,117422896,57565,219289,218.34,86.61,79.71,54.54,1018,26880,0.012
Brazil,BRA,2022-08-31,470327404,186519881,171665721,117565662,211494,234674,218.44,86.63,79.73,54.6,1090,23112,0.011
Brazil,BRA,2022-09-01,470483060,186542426,171709120,117655924,155656,248855,218.51,86.64,79.75,54.64,1156,23923,0.011
Brazil,BRA,2022-09-02,470528623,186558432,171721033,117674330,45563,246628,218.53,86.65,79.75,54.65,1145,23010,0.011
Brazil,BRA,2022-09-03,470708499,186578811,171762519,117792808,179876,268333,218.62,86.65,79.77,54.71,1246,24687,0.011
Brazil,BRA,2022-09-04,470745558,186583216,171768695,117819334,37059,273076,218.63,86.66,79.78,54.72,1268,25261,0.012
Brazil,BRA,2022-09-05,470784030,186590349,171778301,117841133,38472,103669,218.65,86.66,79.78,54.73,481,16293,0.008
Brazil,BRA,2022-09-06,470898070,186618522,171809197,117896301,114040,111737,218.7,86.67,79.79,54.76,519,18200,0.008
Brazil,BRA,2022-09-07,470910315,186624508,171811546,117900233,12245,83273,218.71,86.68,79.8,54.76,387,14947,0.007
Brazil,BRA,2022-09-08,470943250,186632925,171821267,117915066,32935,65741,218.72,86.68,79.8,54.76,305,12928,0.006
Brazil,BRA,2022-09-09,471130593,186656503,171858625,118041839,187343,85996,218.81,86.69,79.82,54.82,399,14010,0.007
Brazil,BRA,2022-09-10,471187373,186663841,171871796,118078226,56780,68411,218.84,86.69,79.82,54.84,318,12147,0.006
Brazil,BRA,2022-09-11,471204985,186665783,171875292,118090435,17612,65632,218.85,86.69,79.83,54.85,305,11795,0.005
Brazil,BRA,2022-09-12,471266090,186674424,171889220,118129076,61105,68866,218.87,86.7,79.83,54.86,320,12011,0.006
Brazil,BRA,2022-09-13,471378826,186715084,171949598,118140842,112736,68679,218.93,86.72,79.86,54.87,319,13795,0.006
Brazil,BRA,2022-09-14,471541070,186735750,171986751,118245579,162244,90108,219.0,86.73,79.88,54.92,418,15892,0.007
Brazil,BRA,2022-09-15,471637254,186749395,172011897,118303181,96184,99143,219.05,86.73,79.89,54.94,460,16639,0.008
Brazil,BRA,2022-09-16,471683198,186763817,172032889,118313785,45944,78944,219.07,86.74,79.9,54.95,367,15331,0.007
Brazil,BRA,2022-09-17,471818420,186779155,172062452,118404473,135222,90150,219.13,86.75,79.91,54.99,419,16473,0.008
Brazil,BRA,2022-09-18,471848842,186784356,172070129,118422064,30422,91980,219.15,86.75,79.92,55.0,427,16939,0.008
Brazil,BRA,2022-09-19,471886071,186794251,172085291,118434275,37229,88569,219.16,86.75,79.92,55.01,411,17118,0.008
Brazil,BRA,2022-09-20,471922157,186802634,172101534,118445795,36086,77619,219.18,86.76,79.93,55.01,360,12507,0.006
Brazil,BRA,2022-09-21,472074264,186822935,172143680,118536943,152107,76171,219.25,86.77,79.95,55.05,354,12455,0.006
Brazil,BRA,2022-09-22,,,,,,76485,,,,,355,12978,0.006
Brazil,BRA,2022-09-23,472271029,186857554,172196847,118650592,,83976,219.34,86.78,79.97,55.11,390,13391,0.006
Brazil,BRA,2022-09-24,472338682,186866076,172212074,118694643,67653,74323,219.37,86.79,79.98,55.13,345,12417,0.006
Brazil,BRA,2022-09-25,472364620,186868669,172217754,118712344,25938,73683,219.38,86.79,79.98,55.13,342,12045,0.006
Brazil,BRA,2022-09-26,472820035,187303916,172225884,118724423,455415,133423,219.6,86.99,79.99,55.14,620,72809,0.034
Brazil,BRA,2022-09-27,472853663,187313182,172239966,118734796,33628,133072,219.61,87.0,79.99,55.15,618,72935,0.034
Brazil,BRA,2022-09-28,472972308,187327659,172264693,,118645,128292,219.67,87.0,80.01,,596,72103,0.033
Brazil,BRA,2022-09-29,,,,,,115651,,,,,537,70405,0.033
Brazil,BRA,2022-09-30,,,,,,103009,,,,,478,68706,0.032
Brazil,BRA,2022-10-01,,,,,,94758,,,,,440,68263,0.032
Brazil,BRA,2022-10-02,,,,,,92466,,,,,429,68667,0.032
Brazil,BRA,2022-10-03,,,,,,28820,,,,,134,7263,0.003
Brazil,BRA,2022-10-04,,,,,,25429,,,,,118,6714,0.003
Brazil,BRA,2022-10-05,,,,,,9893,,,,,46,5420,0.003
Brazil,BRA,2022-10-06,,,,,,9893,,,,,46,5420,0.003
Brazil,BRA,2022-10-07,473061343,187376439,172307814,118811893,,9893,219.71,87.02,80.03,55.18,46,5420,0.003
Brazil,BRA,2022-10-08,473061574,187376439,172308045,118811893,231,8513,219.71,87.02,80.03,55.18,40,4646,0.002
Brazil,BRA,2022-10-09,473061603,187376439,172308074,118811893,29,7103,219.71,87.02,80.03,55.18,33,3871,0.002
Brazil,BRA,2022-10-10,473062582,187377009,172308483,118811893,979,5830,219.71,87.03,80.03,55.18,27,3179,0.001
Brazil,BRA,2022-10-11,473062796,187377009,172308697,118811893,214,4447,219.71,87.03,80.03,55.18,21,2404,0.001
Brazil,BRA,2022-10-12,,,,,,4347,,,,,20,2228,0.001
Brazil,BRA,2022-10-13,473081170,187385383,172318697,118811893,,4246,219.72,87.03,80.03,55.18,20,2052,0.001
Brazil,BRA,2022-10-14,473081511,187385383,172319038,118811893,341,2881,219.72,87.03,80.03,55.18,13,1278,0.001
Brazil,BRA,2022-10-15,473081752,187385383,172319279,118811893,241,2883,219.72,87.03,80.03,55.18,13,1278,0.001
Brazil,BRA,2022-10-16,473081842,187385383,172319369,118811893,90,2891,219.72,87.03,80.03,55.18,13,1278,0.001
Brazil,BRA,2022-10-17,473082944,187385383,172320471,118811893,1102,2909,219.72,87.03,80.03,55.18,14,1196,0.001
Brazil,BRA,2022-10-18,473101078,187385670,172338318,118811893,18134,5469,219.73,87.03,80.04,55.18,25,1237,0.001
Brazil,BRA,2022-10-19,473101313,187385670,172338553,118811893,235,4190,219.73,87.03,80.04,55.18,19,639,0.0
Brazil,BRA,2022-10-20,473101635,187385670,172338875,118811893,322,2924,219.73,87.03,80.04,55.18,14,41,0.0
Brazil,BRA,2022-10-21,473101789,187385670,172339029,118811893,154,2897,219.73,87.03,80.04,55.18,13,41,0.0
Brazil,BRA,2022-10-22,473101982,187385670,172339222,118811893,193,2890,219.73,87.03,80.04,55.18,13,41,0.0
Brazil,BRA,2022-10-23,473101996,187385670,172339236,118811893,14,2879,219.73,87.03,80.04,55.18,13,41,0.0
Brazil,BRA,2022-10-24,473102012,187385670,172339252,118811893,16,2724,219.73,87.03,80.04,55.18,13,41,0.0
Brazil,BRA,2022-10-25,473102204,187385670,172339444,118811893,192,161,219.73,87.03,80.04,55.18,1,0,0.0
Brazil,BRA,2022-10-26,473102401,187385670,172339641,118811893,197,155,219.73,87.03,80.04,55.18,1,0,0.0
Brazil,BRA,2022-10-27,473102633,187385670,172339873,118811893,232,143,219.73,87.03,80.04,55.18,1,0,0.0
Brazil,BRA,2022-10-28,473102959,187385670,172340199,118811893,326,167,219.73,87.03,80.04,55.18,1,0,0.0
Brazil,BRA,2022-10-29,,,,,,142,,,,,1,0,0.0
Brazil,BRA,2022-10-30,,,,,,142,,,,,1,0,0.0
Brazil,BRA,2022-10-31,473103001,187385670,172340241,118811893,,141,219.73,87.03,80.04,55.18,1,0,0.0
Brazil,BRA,2022-11-01,473103290,187385670,172340530,118811893,289,155,219.73,87.03,80.04,55.18,1,0,0.0
Brazil,BRA,2022-11-02,473103553,187385670,172340793,118811893,263,165,219.73,87.03,80.04,55.18,1,0,0.0
Brazil,BRA,2022-11-03,,,,,,998,,,,,5,842,0.0
Brazil,BRA,2022-11-04,473115692,187397453,172341149,118811893,,1819,219.73,87.03,80.04,55.18,8,1683,0.001
Brazil,BRA,2022-11-05,,,,,,1939,,,,,9,1742,0.001
Brazil,BRA,2022-11-06,,,,,,2058,,,,,10,1802,0.001
Brazil,BRA,2022-11-07,,,,,,2178,,,,,10,1861,0.001
Brazil,BRA,2022-11-08,,,,,,2258,,,,,10,1920,0.001
Brazil,BRA,2022-11-09,473119948,187399523,172343335,118811893,,2342,219.74,87.04,80.04,55.18,11,1979,0.001
Brazil,BRA,2022-11-10,,,,,,2028,,,,,9,1137,0.001
Brazil,BRA,2022-11-11,473127683,187399523,172351070,118811893,,1713,219.74,87.04,80.05,55.18,8,296,0.0
Brazil,BRA,2022-11-12,,,,,,1877,,,,,9,237,0.0
Brazil,BRA,2022-11-13,,,,,,2041,,,,,9,177,0.0
Brazil,BRA,2022-11-14,473133683,187399523,172357070,118811893,,2205,219.74,87.04,80.05,55.18,10,118,0.0
Brazil,BRA,2022-11-15,,,,,,24749,,,,,115,19997,0.009
Brazil,BRA,2022-11-16,473450995,187678650,172674382,118811893,,47292,219.89,87.17,80.2,55.18,220,39875,0.019
Brazil,BRA,2022-11-17,,,,,,46912,,,,,218,39875,0.019
Brazil,BRA,2022-11-18,473453404,187678650,172676791,118811893,,46532,219.89,87.17,80.2,55.18,216,39875,0.019
Brazil,BRA,2022-11-19,473453735,187678650,172677122,118811893,331,46293,219.89,87.17,80.2,55.18,215,39875,0.019
Brazil,BRA,2022-11-20,473453818,187678650,172677205,118811893,83,46019,219.89,87.17,80.2,55.18,214,39875,0.019
Brazil,BRA,2022-11-21,473458939,187678650,172682326,118811893,5121,46465,219.89,87.17,80.2,55.18,216,39875,0.019
Brazil,BRA,2022-11-22,473459277,187678650,172682664,118811893,338,23848,219.89,87.17,80.2,55.18,111,19938,0.009
Brazil,BRA,2022-11-23,473459811,187678650,172683198,118811893,534,1259,219.89,87.17,80.2,55.18,6,0,0.0
Brazil,BRA,2022-11-24,473460865,187678650,172684252,118811893,1054,1238,219.89,87.17,80.2,55.18,6,0,0.0
Brazil,BRA,2022-11-25,473461002,187678650,172684389,118811893,137,1085,219.89,87.17,80.2,55.18,5,0,0.0
Brazil,BRA,2022-11-26,473461305,187678650,172684692,118811893,303,1081,219.89,87.17,80.2,55.18,5,0,0.0
Brazil,BRA,2022-11-27,473461456,187678650,172684843,118811893,151,1091,219.89,87.17,80.2,55.18,5,0,0.0
Brazil,BRA,2022-11-28,,,,,,83071,,,,,386,22853,0.011
Brazil,BRA,2022-11-29,474619417,187998595,173191813,119148165,,165734,220.43,87.31,80.44,55.34,770,45706,0.021
Brazil,BRA,2022-11-30,476264691,188048984,174139720,119795266,1645274,400697,221.2,87.34,80.88,55.64,1861,52905,0.025
Brazil,BRA,2022-12-01,476316566,188065384,174150762,119819824,51875,407957,221.22,87.34,80.88,55.65,1895,55248,0.026
Brazil,BRA,2022-12-02,,,,,,410489,,,,,1906,55937,0.026
Brazil,BRA,2022-12-03,476352286,188075040,174161480,119835261,,412997,221.24,87.35,80.89,55.66,1918,56627,0.026
Brazil,BRA,2022-12-04,476359177,188077016,174163073,119838587,6891,413960,221.24,87.35,80.89,55.66,1923,56909,0.026
Brazil,BRA,2022-12-05,476384113,188083919,174169937,119849894,24936,334811,221.25,87.35,80.89,55.66,1555,35042,0.016
Brazil,BRA,2022-12-06,,,,,,256934,,,,,1193,13692,0.006
Brazil,BRA,2022-12-07,476451791,188104952,174189194,119877431,,26729,221.28,87.36,80.9,55.68,124,7995,0.004
Brazil,BRA,2022-12-08,,,,,,21128,,,,,98,6167,0.003
Brazil,BRA,2022-12-09,476477130,188112150,174195474,119889347,,20386,221.29,87.37,80.9,55.68,95,5991,0.003
Brazil,BRA,2022-12-10,476491315,188116781,174199933,119894453,14185,19861,221.3,87.37,80.91,55.68,92,5963,0.003
Brazil,BRA,2022-12-11,476495347,188118034,174201163,119896005,4032,19453,221.3,87.37,80.91,55.68,90,5860,0.003
Brazil,BRA,2022-12-12,476523713,188125449,174209162,119909103,28366,19943,221.32,87.37,80.91,55.69,93,5933,0.003
Brazil,BRA,2022-12-13,476548450,188132532,174215643,119920369,24737,18643,221.33,87.38,80.91,55.7,87,5442,0.003
Brazil,BRA,2022-12-14,,,,,,14138,,,,,66,4040,0.002
Brazil,BRA,2022-12-15,476553058,188133937,174217198,119922031,,12657,221.33,87.38,80.91,55.7,59,3627,0.002
Brazil,BRA,2022-12-16,478100116,188305261,174499766,121019139,1547058,231855,222.05,87.46,81.04,56.21,1077,27587,0.013
Brazil,BRA,2022-12-17,478131210,188309744,174505214,121040358,31094,234271,222.06,87.46,81.05,56.22,1088,27566,0.013
Brazil,BRA,2022-12-18,480155675,188522819,174847762,122517026,2024465,522904,223.0,87.56,81.21,56.9,2429,57826,0.027
Brazil,BRA,2022-12-19,,,,,,521101,,,,,2420,57081,0.027
Brazil,BRA,2022-12-20,480187165,188527208,174854224,122537709,,519816,223.02,87.56,81.21,56.91,2414,56382,0.026
Brazil,BRA,2022-12-21,,,,,,521499,,,,,2422,56580,0.026
Brazil,BRA,2022-12-22,480215327,188531378,174859213,122556750,,523181,223.03,87.56,81.21,56.92,2430,56777,0.026
Brazil,BRA,2022-12-23,480216368,188531674,174859958,,1041,302322,223.03,87.56,81.21,,1404,32345,0.015
Brazil,BRA,2022-12-24,480272969,188540709,174869845,122594536,56601,305966,223.06,87.57,81.22,56.94,1421,32995,0.015
Brazil,BRA,2022-12-25,480288516,188543080,174872899,122604684,15547,18977,223.06,87.57,81.22,56.94,88,2894,0.001
Brazil,BRA,2022-12-26,480291721,188543313,174873775,122606791,3205,17186,223.07,87.57,81.22,56.94,80,2614,0.001
Brazil,BRA,2022-12-27,480310839,188549744,174881292,122616211,19118,17668,223.08,87.57,81.22,56.95,82,3219,0.001
Brazil,BRA,2022-12-28,,,,,,17151,,,,,80,3130,0.001
Brazil,BRA,2022-12-29,480331769,188552661,174886102,122629436,,16635,223.08,87.57,81.22,56.95,77,3040,0.001
Brazil,BRA,2022-12-30,480332769,188553047,174886846,,1000,16629,223.09,87.57,81.22,,77,3053,0.001
Brazil,BRA,2022-12-31,480333910,188553932,174887915,122629436,1141,8706,223.09,87.57,81.22,56.95,40,1889,0.001
Brazil,BRA,2023-01-01,480333982,188553963,174887956,,72,6495,223.09,87.57,81.22,,30,1555,0.001
Brazil,BRA,2023-01-02,,,,122629436,,11832,,,,56.95,55,2249,0.001
Brazil,BRA,2023-01-03,480415107,188564151,174905276,122683198,,14895,223.12,87.58,81.23,56.98,69,2058,0.001
Brazil,BRA,2023-01-04,480430556,188566405,174908749,122692958,15449,15607,223.13,87.58,81.23,56.98,72,2172,0.001
Brazil,BRA,2023-01-05,,,,,,143749,,,,,668,19267,0.009
Brazil,BRA,2023-01-06,482245470,188808652,175264709,123914533,,273243,223.97,87.69,81.4,57.55,1269,36515,0.017
Brazil,BRA,2023-01-07,482292286,188815642,175274334,123944826,46816,279768,224.0,87.69,81.4,57.56,1299,37387,0.017
Brazil,BRA,2023-01-08,482318528,188819345,175279398,123962331,26242,283507,224.01,87.7,81.41,57.57,1317,37912,0.018
Brazil,BRA,2023-01-09,482318566,188819368,175279413,,38,277717,224.01,87.7,81.41,,1290,37187,0.017
Brazil,BRA,2023-01-10,482319264,188819559,175279920,123962331,698,272022,224.01,87.7,81.41,57.57,1263,36487,0.017
Brazil,BRA,2023-01-11,482329975,188820856,175284167,123968124,10711,271346,224.01,87.7,81.41,57.58,1260,36350,0.017
Brazil,BRA,2023-01-12,482331002,188821214,175284836,,1027,141856,224.01,87.7,81.41,,659,19098,0.009
Brazil,BRA,2023-01-13,482331930,188821563,175285483,123968124,928,12351,224.01,87.7,81.41,57.58,57,1844,0.001
Brazil,BRA,2023-01-14,482332527,188821768,175285875,,597,5749,224.01,87.7,81.41,,27,875,0.0
Brazil,BRA,2023-01-15,482332889,188821957,175286048,123968124,362,2052,224.01,87.7,81.41,57.58,10,373,0.0
Brazil,BRA,2023-01-16,482332927,188821982,175286061,,38,2052,224.01,87.7,81.41,,10,373,0.0
Brazil,BRA,2023-01-17,482568192,188943731,175319080,124055944,235265,35561,224.12,87.75,81.43,57.62,165,17739,0.008
Brazil,BRA,2023-01-18,482569045,188944039,175319625,,853,34153,224.12,87.75,81.43,,159,17598,0.008
Brazil,BRA,2023-01-19,482577061,188944306,175320288,124063030,8016,35151,224.13,87.75,81.43,57.62,163,17585,0.008
Brazil,BRA,2023-01-20,,,,,,40476,,,,,188,18171,0.008
Brazil,BRA,2023-01-21,482653461,188953216,175337604,124113349,,45848,224.16,87.76,81.43,57.64,213,18778,0.009
Brazil,BRA,2023-01-22,482653528,188953257,175337630,,67,45806,224.16,87.76,81.43,,213,18757,0.009
Brazil,BRA,2023-01-23,,,,124113349,,46290,,,,57.64,215,18763,0.009
Brazil,BRA,2023-01-24,482660379,188953386,175344352,,,13170,224.17,87.76,81.44,,61,1379,0.001
Brazil,BRA,2023-01-25,483479123,189041040,175494157,124696295,818744,130011,224.55,87.8,81.51,57.91,604,13857,0.006
Brazil,BRA,2023-01-26,483511611,189044894,175503128,124716004,32488,133507,224.56,87.8,81.51,57.92,620,14370,0.007
Brazil,BRA,2023-01-27,483584812,189046880,175510418,124780055,73201,138507,224.6,87.8,81.51,57.95,643,14017,0.007
Brazil,BRA,2023-01-28,483585204,189047042,175510648,,392,133106,224.6,87.8,81.51,,618,13404,0.006
Brazil,BRA,2023-01-29,483585261,189047050,175510697,124780055,57,133105,224.6,87.8,81.51,57.95,618,13399,0.006
Brazil,BRA,2023-01-30,,,,,,132792,,,,,617,13418,0.006
Brazil,BRA,2023-01-31,483587737,189047444,175512132,124780709,,132480,224.6,87.8,81.51,57.95,615,13437,0.006
Brazil,BRA,2023-02-01,,,,,,19100,,,,,89,1282,0.001
Brazil,BRA,2023-02-02,483637909,189052588,175525337,124812593,,18043,224.62,87.8,81.52,57.97,84,1099,0.001
Brazil,BRA,2023-02-03,483959289,189086622,175607559,125019968,321380,53497,224.77,87.82,81.56,58.06,248,5677,0.003
Brazil,BRA,2023-02-04,483961356,189086800,175608412,125021004,2067,53736,224.77,87.82,81.56,58.06,250,5680,0.003
Brazil,BRA,2023-02-05,483962208,189087256,175608808,,852,53850,224.77,87.82,81.56,,250,5744,0.003
Brazil,BRA,2023-02-06,,,,125021004,,58668,,,,58.06,272,6404,0.003
Brazil,BRA,2023-02-07,484032139,189096899,175625420,125065116,,63486,224.8,87.82,81.57,58.09,295,7065,0.003
Brazil,BRA,2023-02-08,484035422,189097459,175627190,125066069,3283,60371,224.8,87.82,81.57,58.09,280,6778,0.003
Brazil,BRA,2023-02-09,,,,,,69507,,,,,323,8723,0.004
Brazil,BRA,2023-02-10,,,,,,36315,,,,,169,6175,0.003
Brazil,BRA,2023-02-11,484302525,189146039,175693114,125219079,,48738,224.93,87.85,81.6,58.16,226,8463,0.004
Brazil,BRA,2023-02-12,,,,,,54451,,,,,253,9567,0.004
Brazil,BRA,2023-02-13,484384204,189162407,175709963,125267744,,55290,224.97,87.85,81.61,58.18,257,10047,0.005
Brazil,BRA,2023-02-14,484388358,189162761,175711318,125270189,4154,50888,224.97,87.85,81.61,58.18,236,9409,0.004
Brazil,BRA,2023-02-15,484436984,189170510,175719644,125302768,48626,57366,224.99,87.86,81.61,58.2,266,10436,0.005
Brazil,BRA,2023-02-16,484442842,189170568,175721908,125306304,5858,45484,224.99,87.86,81.61,58.2,211,8131,0.004
Brazil,BRA,2023-02-17,484445913,189171357,175722993,125307501,3071,33203,225.0,87.86,81.61,58.2,154,5930,0.003
Brazil,BRA,2023-02-18,,,,,,20496,,,,,95,3622,0.002
Brazil,BRA,2023-02-19,484446084,189171428,175723093,,,14674,225.0,87.86,81.61,,68,2458,0.001
Brazil,BRA,2023-02-20,484446127,189171452,175723112,125307501,43,8846,225.0,87.86,81.61,58.2,41,1292,0.001
Brazil,BRA,2023-02-21,484988616,189314041,175827680,125604098,542489,85751,225.25,87.92,81.66,58.34,398,21611,0.01
Brazil,BRA,2023-02-22,,,,,,79121,,,,,367,20538,0.01
Brazil,BRA,2023-02-23,,,,,,78602,,,,,365,20563,0.01
Brazil,BRA,2023-02-24,484995271,189314745,175829569,125608160,,78480,225.25,87.93,81.66,58.34,364,20484,0.01
Brazil,BRA,2023-02-25,,,,,,79269,,,,,368,20515,0.01
Brazil,BRA,2023-02-26,485006494,189315252,175832576,125615869,,80059,225.26,87.93,81.66,58.34,372,20546,0.01
Brazil,BRA,2023-02-27,,,,,,93077,,,,,432,25021,0.012
Brazil,BRA,2023-02-28,485188835,189377950,175879810,125688357,,28603,225.34,87.95,81.69,58.37,133,9130,0.004
Brazil,BRA,2023-03-01,,,,,,30444,,,,,141,9657,0.004
Brazil,BRA,2023-03-02,485219050,189385794,175886999,125703539,,32285,225.35,87.96,81.69,58.38,150,10183,0.005
Brazil,BRA,2023-03-03,485247773,189393744,175893558,125717753,28723,36072,225.37,87.96,81.69,58.39,168,11286,0.005
Brazil,BRA,2023-03-04,485257376,189394362,175895897,125724399,9603,36642,225.37,87.96,81.69,58.39,170,11338,0.005
Brazil,BRA,2023-03-05,485257436,189394389,175895930,,60,35849,225.37,87.96,81.69,,166,11305,0.005
Brazil,BRA,2023-03-06,,,,125724399,,23621,,,,58.39,110,6860,0.003
Brazil,BRA,2023-03-07,485268593,189394850,175899966,125731059,,11394,225.38,87.96,81.69,58.39,53,2414,0.001
Brazil,BRA,2023-03-08,485279135,189395212,175904530,125736675,10542,10742,225.38,87.96,81.7,58.4,50,1906,0.001
Brazil,BRA,2023-03-09,,,,,,24940,,,,,116,4755,0.002
Brazil,BRA,2023-03-10,485508128,189442944,175955265,125867331,,37194,225.49,87.98,81.72,58.46,173,7029,0.003
Brazil,BRA,2023-03-11,485967890,189553754,176057109,126115210,459762,101502,225.7,88.04,81.77,58.57,471,22770,0.011
Brazil,BRA,2023-03-12,,,,,,103453,,,,,480,23160,0.011
Brazil,BRA,2023-03-13,485995326,189559262,176062834,126131437,,104616,225.72,88.04,81.77,58.58,486,23520,0.011
Brazil,BRA,2023-03-14,486174541,189603432,176110283,126219984,179215,129421,225.8,88.06,81.79,58.62,601,29797,0.014
Brazil,BRA,2023-03-15,,,,,,132599,,,,,616,29775,0.014
Brazil,BRA,2023-03-16,486240117,189603842,176110664,126284769,,120926,225.83,88.06,81.79,58.65,562,26395,0.012
Brazil,BRA,2023-03-17,,,,,,113268,,,,,526,24731,0.011
Brazil,BRA,2023-03-18,486361889,189628276,176144807,126348017,,56286,225.89,88.07,81.81,58.68,261,10646,0.005
Brazil,BRA,2023-03-19,486362655,189628646,176145203,,766,54435,225.89,88.07,81.81,,253,10305,0.005
Brazil,BRA,2023-03-20,,,,126348017,,56017,,,,58.68,260,10580,0.005
Brazil,BRA,2023-03-21,486412239,189637992,176157535,126376076,,33957,225.91,88.08,81.81,58.69,158,4937,0.002
Brazil,BRA,2023-03-22,486436436,189643431,176164186,126388587,24197,32730,225.92,88.08,81.82,58.7,152,5685,0.003